/*
Navicat MySQL Data Transfer

Source Server         : MYSQL
Source Server Version : 50626
Source Host           : localhost:3306
Source Database       : american

Target Server Type    : MYSQL
Target Server Version : 50626
File Encoding         : 65001

Date: 2015-12-16 01:03:50
*/

SET FOREIGN_KEY_CHECKS=0;

-- ----------------------------
-- Table structure for `address`
-- ----------------------------
DROP TABLE IF EXISTS `address`;
CREATE TABLE `address` (
  `id` int(11) NOT NULL AUTO_INCREMENT,
  `street` varchar(20) DEFAULT NULL,
  `state` varchar(20) DEFAULT NULL,
  `city` varchar(20) DEFAULT NULL,
  `postal_code` varchar(20) DEFAULT NULL,
  PRIMARY KEY (`id`)
) ENGINE=InnoDB AUTO_INCREMENT=137 DEFAULT CHARSET=latin1;

-- ----------------------------
-- Records of address
-- ----------------------------
INSERT INTO `address` VALUES ('1', '', '', '', '0');
INSERT INTO `address` VALUES ('2', '', '', '', '0');
INSERT INTO `address` VALUES ('3', '', '', '', '0');
INSERT INTO `address` VALUES ('4', '', '', '', '0');
INSERT INTO `address` VALUES ('5', '', '', '', '0');
INSERT INTO `address` VALUES ('6', '', '', '', '0');
INSERT INTO `address` VALUES ('7', '', '', '', '0');
INSERT INTO `address` VALUES ('8', '', '', '', '0');
INSERT INTO `address` VALUES ('9', '', '', '', '0');
INSERT INTO `address` VALUES ('10', '', '', '', '0');
INSERT INTO `address` VALUES ('11', '', '', '', '0');
INSERT INTO `address` VALUES ('12', '', '', '', '0');
INSERT INTO `address` VALUES ('13', '', '', '', '0');
INSERT INTO `address` VALUES ('14', '', '', '', '0');
INSERT INTO `address` VALUES ('15', '', '', '', '0');
INSERT INTO `address` VALUES ('17', '', '', '', '0');
INSERT INTO `address` VALUES ('20', '', '', '', '0');
INSERT INTO `address` VALUES ('21', '', '', '', '0');
INSERT INTO `address` VALUES ('22', '', '', '', '0');
INSERT INTO `address` VALUES ('24', '', '', '', '0');
INSERT INTO `address` VALUES ('26', '', '', '', '0');
INSERT INTO `address` VALUES ('27', '', '', '', '0');
INSERT INTO `address` VALUES ('28', '', '', '', '0');
INSERT INTO `address` VALUES ('29', '', '', '', '0');
INSERT INTO `address` VALUES ('30', '', '', '', '0');
INSERT INTO `address` VALUES ('31', '', '', '', '0');
INSERT INTO `address` VALUES ('32', '', '', '', '0');
INSERT INTO `address` VALUES ('33', '', '', '', '0');
INSERT INTO `address` VALUES ('34', '', '', '', '0');
INSERT INTO `address` VALUES ('35', '', '', '', '0');
INSERT INTO `address` VALUES ('36', '', '', '', '0');
INSERT INTO `address` VALUES ('37', '', '', '', '0');
INSERT INTO `address` VALUES ('38', '', '', '', '0');
INSERT INTO `address` VALUES ('39', '', '', '', '0');
INSERT INTO `address` VALUES ('40', '', '', '', '0');
INSERT INTO `address` VALUES ('41', '', '', '', '0');
INSERT INTO `address` VALUES ('42', '', '', '', '0');
INSERT INTO `address` VALUES ('43', '', '', '', '0');
INSERT INTO `address` VALUES ('44', '', '', '', '0');
INSERT INTO `address` VALUES ('45', '', '', '', '0');
INSERT INTO `address` VALUES ('46', '', '', '', '0');
INSERT INTO `address` VALUES ('47', '', '', '', '0');
INSERT INTO `address` VALUES ('48', '', '', '', '0');
INSERT INTO `address` VALUES ('49', '', '', '', '0');
INSERT INTO `address` VALUES ('50', '', '', '', '0');
INSERT INTO `address` VALUES ('51', '', '', '', '0');
INSERT INTO `address` VALUES ('52', '', '', '', '0');
INSERT INTO `address` VALUES ('53', '', '', '', '0');
INSERT INTO `address` VALUES ('54', '', '', '', '0');
INSERT INTO `address` VALUES ('55', '', '', '', '0');
INSERT INTO `address` VALUES ('56', '', '', '', '0');
INSERT INTO `address` VALUES ('57', '', '', '', '0');
INSERT INTO `address` VALUES ('58', '', '', '', '0');
INSERT INTO `address` VALUES ('59', '', '', '', '0');
INSERT INTO `address` VALUES ('60', '', '', '', '0');
INSERT INTO `address` VALUES ('61', '', '', '', '0');
INSERT INTO `address` VALUES ('62', '', '', '', '0');
INSERT INTO `address` VALUES ('63', '', '', '', '0');
INSERT INTO `address` VALUES ('64', '', '', '', '0');
INSERT INTO `address` VALUES ('65', '', '', '', '0');
INSERT INTO `address` VALUES ('66', '', '', '', '0');
INSERT INTO `address` VALUES ('67', '', '', '', '0');
INSERT INTO `address` VALUES ('68', '', '', '', '0');
INSERT INTO `address` VALUES ('69', '', '', '', '0');
INSERT INTO `address` VALUES ('70', '', '', '', '0');
INSERT INTO `address` VALUES ('71', '', '', '', '0');
INSERT INTO `address` VALUES ('72', '', '', '', '0');
INSERT INTO `address` VALUES ('73', '', '', '', '0');
INSERT INTO `address` VALUES ('74', '', '', '', '0');
INSERT INTO `address` VALUES ('75', '', '', '', '0');
INSERT INTO `address` VALUES ('76', '', '', '', '0');
INSERT INTO `address` VALUES ('77', '', '', '', '0');
INSERT INTO `address` VALUES ('78', '', '', '', '0');
INSERT INTO `address` VALUES ('79', '', '', '', '0');
INSERT INTO `address` VALUES ('80', '', '', '', '0');
INSERT INTO `address` VALUES ('81', '', '', '', '0');
INSERT INTO `address` VALUES ('82', '', '', '', '0');
INSERT INTO `address` VALUES ('83', '', '', '', '0');
INSERT INTO `address` VALUES ('84', '', '', '', '0');
INSERT INTO `address` VALUES ('85', '', '', '', '0');
INSERT INTO `address` VALUES ('86', '', '', '', '0');
INSERT INTO `address` VALUES ('87', '', '', '', '0');
INSERT INTO `address` VALUES ('88', '', '', '', '0');
INSERT INTO `address` VALUES ('89', '', '', '', '0');
INSERT INTO `address` VALUES ('90', '', '', '', '0');
INSERT INTO `address` VALUES ('91', '', '', '', '0');
INSERT INTO `address` VALUES ('92', '', '', '', '0');
INSERT INTO `address` VALUES ('93', '', '', '', '0');
INSERT INTO `address` VALUES ('94', '', '', '', '0');
INSERT INTO `address` VALUES ('95', '', '', '', '0');
INSERT INTO `address` VALUES ('96', '', '', '', '0');
INSERT INTO `address` VALUES ('97', '', '', '', '0');
INSERT INTO `address` VALUES ('98', '', '', '', '0');
INSERT INTO `address` VALUES ('99', '', '', '', '0');
INSERT INTO `address` VALUES ('100', '', '', '', '0');
INSERT INTO `address` VALUES ('101', '', '', '', '0');
INSERT INTO `address` VALUES ('102', '', '', '', '0');
INSERT INTO `address` VALUES ('103', '', '', '', '0');
INSERT INTO `address` VALUES ('104', '', '', '', '0');
INSERT INTO `address` VALUES ('105', '', '', '', '0');
INSERT INTO `address` VALUES ('106', '', '', '', '0');
INSERT INTO `address` VALUES ('107', '', '', '', '0');
INSERT INTO `address` VALUES ('108', '', '', '', '0');
INSERT INTO `address` VALUES ('109', '', '', '', '0');
INSERT INTO `address` VALUES ('110', '', '', '', '0');
INSERT INTO `address` VALUES ('111', '', '', '', '0');
INSERT INTO `address` VALUES ('112', '', '', '', '0');
INSERT INTO `address` VALUES ('113', '', '', '', '0');
INSERT INTO `address` VALUES ('114', '', '', '', '0');
INSERT INTO `address` VALUES ('115', '', '', '', '0');
INSERT INTO `address` VALUES ('116', '', '', '', '0');
INSERT INTO `address` VALUES ('117', '', '', '', '0');
INSERT INTO `address` VALUES ('118', '', '', '', '0');
INSERT INTO `address` VALUES ('119', '', '', '', '0');
INSERT INTO `address` VALUES ('120', '', '', '', '0');
INSERT INTO `address` VALUES ('121', '', '', '', '0');
INSERT INTO `address` VALUES ('122', '', '', '', '0');
INSERT INTO `address` VALUES ('123', '', '', '', '0');
INSERT INTO `address` VALUES ('124', '', '', '', '0');
INSERT INTO `address` VALUES ('125', '', '', '', '0');
INSERT INTO `address` VALUES ('126', '', '', '', '0');
INSERT INTO `address` VALUES ('127', '', '', '', '0');
INSERT INTO `address` VALUES ('128', '', '', '', '0');
INSERT INTO `address` VALUES ('129', '', '', '', '0');
INSERT INTO `address` VALUES ('130', '', '', '', '0');
INSERT INTO `address` VALUES ('131', '', '', '', '0');
INSERT INTO `address` VALUES ('132', '', '', '', '0');
INSERT INTO `address` VALUES ('133', '', '', '', '0');
INSERT INTO `address` VALUES ('134', '', '', '', '0');
INSERT INTO `address` VALUES ('135', '', '', '', '0');
INSERT INTO `address` VALUES ('136', '', '', '', '0');

-- ----------------------------
-- Table structure for `application`
-- ----------------------------
DROP TABLE IF EXISTS `application`;
CREATE TABLE `application` (
  `id` int(10) NOT NULL AUTO_INCREMENT,
  `user_id` int(11) NOT NULL,
  `creditor` varchar(100) NOT NULL,
  `due` varchar(2) NOT NULL,
  `applied` date NOT NULL,
  `status` tinyint(1) NOT NULL DEFAULT '0',
  `amount` varchar(10) NOT NULL,
  `application_type` enum('credit_card','auto','mortgage','furniture','others') NOT NULL,
  `comment_application` text,
  PRIMARY KEY (`id`),
  KEY `user_id` (`user_id`) USING BTREE,
  CONSTRAINT `application_ibfk_1` FOREIGN KEY (`user_id`) REFERENCES `user` (`id`)
) ENGINE=InnoDB DEFAULT CHARSET=latin1;

-- ----------------------------
-- Records of application
-- ----------------------------

-- ----------------------------
-- Table structure for `auth`
-- ----------------------------
DROP TABLE IF EXISTS `auth`;
CREATE TABLE `auth` (
  `id` int(11) NOT NULL AUTO_INCREMENT,
  `name` varchar(30) DEFAULT NULL,
  `label` varchar(30) DEFAULT NULL,
  PRIMARY KEY (`id`),
  UNIQUE KEY `name` (`name`) USING BTREE
) ENGINE=InnoDB AUTO_INCREMENT=5 DEFAULT CHARSET=latin1;

-- ----------------------------
-- Records of auth
-- ----------------------------
INSERT INTO `auth` VALUES ('1', 'user_create', 'Create User');
INSERT INTO `auth` VALUES ('2', 'read_create', 'View User');
INSERT INTO `auth` VALUES ('3', 'update_create', 'Update User');
INSERT INTO `auth` VALUES ('4', 'delete_create', 'Delete User');

-- ----------------------------
-- Table structure for `bank`
-- ----------------------------
DROP TABLE IF EXISTS `bank`;
CREATE TABLE `bank` (
  `id` int(11) NOT NULL AUTO_INCREMENT,
  `name` varchar(10) DEFAULT NULL,
  `phone` varchar(10) DEFAULT NULL,
  `site` varchar(20) DEFAULT NULL,
  PRIMARY KEY (`id`),
  UNIQUE KEY `name` (`name`,`phone`) USING BTREE
) ENGINE=InnoDB DEFAULT CHARSET=latin1;

-- ----------------------------
-- Records of bank
-- ----------------------------

-- ----------------------------
-- Table structure for `broker`
-- ----------------------------
DROP TABLE IF EXISTS `broker`;
CREATE TABLE `broker` (
  `broker_id` int(11) NOT NULL,
  `client_id` int(11) NOT NULL,
  `role_id` int(11) DEFAULT NULL,
  `status` tinyint(1) DEFAULT NULL,
  `sys_admin_id` int(11) DEFAULT NULL,
  PRIMARY KEY (`broker_id`,`client_id`),
  UNIQUE KEY `broker_id` (`broker_id`,`client_id`) USING BTREE,
  KEY `broker_user_childBrokerId` (`client_id`) USING BTREE,
  CONSTRAINT `broker_ibfk_1` FOREIGN KEY (`broker_id`) REFERENCES `user` (`id`),
  CONSTRAINT `broker_ibfk_2` FOREIGN KEY (`client_id`) REFERENCES `user` (`id`)
) ENGINE=InnoDB DEFAULT CHARSET=latin1;

-- ----------------------------
-- Records of broker
-- ----------------------------
INSERT INTO `broker` VALUES ('1', '2', '2', '1', null);
INSERT INTO `broker` VALUES ('1', '5', '5', '1', null);
INSERT INTO `broker` VALUES ('1', '8', '3', '1', null);
INSERT INTO `broker` VALUES ('1', '11', '2', '1', '0');
INSERT INTO `broker` VALUES ('1', '12', '2', '1', '0');
INSERT INTO `broker` VALUES ('1', '13', '2', '1', '0');
INSERT INTO `broker` VALUES ('1', '15', '2', '1', '0');
INSERT INTO `broker` VALUES ('1', '19', '2', '1', '0');
INSERT INTO `broker` VALUES ('1', '21', '2', '1', '0');
INSERT INTO `broker` VALUES ('1', '22', '2', '1', '0');
INSERT INTO `broker` VALUES ('1', '23', '2', '1', '0');
INSERT INTO `broker` VALUES ('1', '24', '2', '1', '0');
INSERT INTO `broker` VALUES ('6', '9', '3', '1', null);
INSERT INTO `broker` VALUES ('7', '4', '2', '1', null);
INSERT INTO `broker` VALUES ('7', '10', '3', '1', null);

-- ----------------------------
-- Table structure for `broker_sys_parm`
-- ----------------------------
DROP TABLE IF EXISTS `broker_sys_parm`;
CREATE TABLE `broker_sys_parm` (
  `broker_id` int(11) NOT NULL,
  `parm` varchar(30) NOT NULL,
  `value` varchar(30) NOT NULL
) ENGINE=InnoDB DEFAULT CHARSET=latin1;

-- ----------------------------
-- Records of broker_sys_parm
-- ----------------------------

-- ----------------------------
-- Table structure for `business`
-- ----------------------------
DROP TABLE IF EXISTS `business`;
CREATE TABLE `business` (
  `user_id` int(11) NOT NULL DEFAULT '0',
  `site` varchar(100) DEFAULT NULL,
  `theme_id` int(11) DEFAULT NULL,
  `name` varchar(10) DEFAULT NULL,
  `dba` varchar(10) DEFAULT NULL,
  `address_id` int(11) DEFAULT NULL,
  `b_phone` varchar(20) DEFAULT NULL,
  `b_fax` varchar(20) DEFAULT NULL,
  `email` varchar(30) DEFAULT NULL,
  `status` tinyint(1) DEFAULT NULL,
  `client_commission` double DEFAULT NULL,
  `owner_commission` double DEFAULT NULL,
  PRIMARY KEY (`user_id`),
  KEY `business_address_addressId` (`address_id`) USING BTREE,
  CONSTRAINT `business_ibfk_1` FOREIGN KEY (`user_id`) REFERENCES `user` (`id`),
  CONSTRAINT `business_ibfk_2` FOREIGN KEY (`address_id`) REFERENCES `address` (`id`)
) ENGINE=InnoDB DEFAULT CHARSET=latin1;

-- ----------------------------
-- Records of business
-- ----------------------------

-- ----------------------------
-- Table structure for `calendar`
-- ----------------------------
DROP TABLE IF EXISTS `calendar`;
CREATE TABLE `calendar` (
  `id` int(11) NOT NULL AUTO_INCREMENT,
  `user_id` int(11) DEFAULT NULL,
  `title` varchar(200) DEFAULT NULL,
  `start` datetime DEFAULT NULL,
  `end` datetime DEFAULT NULL,
  `url` varchar(200) DEFAULT NULL,
  `allDay` varchar(200) DEFAULT NULL,
  `backgroundColor` varchar(20) DEFAULT NULL,
  `borderColor` varchar(20) DEFAULT NULL,
  PRIMARY KEY (`id`),
  KEY `calender_fku` (`user_id`) USING BTREE,
  CONSTRAINT `calendar_ibfk_1` FOREIGN KEY (`user_id`) REFERENCES `user` (`id`)
) ENGINE=InnoDB DEFAULT CHARSET=latin1;

-- ----------------------------
-- Records of calendar
-- ----------------------------

-- ----------------------------
-- Table structure for `campaign`
-- ----------------------------
DROP TABLE IF EXISTS `campaign`;
CREATE TABLE `campaign` (
  `id` int(11) NOT NULL AUTO_INCREMENT,
  `coupon` varchar(6) NOT NULL,
  `type` int(11) NOT NULL,
  `name` varchar(100) NOT NULL,
  `percentage` double DEFAULT NULL,
  `amount` double DEFAULT NULL,
  `start` date NOT NULL,
  `end` date NOT NULL,
  `status` tinyint(1) NOT NULL,
  `duration` int(11) DEFAULT NULL,
  `brokerId` int(11) DEFAULT NULL,
  PRIMARY KEY (`id`),
  UNIQUE KEY `coupon` (`coupon`) USING BTREE,
  KEY `type` (`type`) USING BTREE,
  KEY `brokerId` (`brokerId`) USING BTREE,
  CONSTRAINT `campaign_ibfk_1` FOREIGN KEY (`type`) REFERENCES `campaign_type` (`id`),
  CONSTRAINT `campaign_ibfk_2` FOREIGN KEY (`brokerId`) REFERENCES `user` (`id`)
) ENGINE=InnoDB AUTO_INCREMENT=16 DEFAULT CHARSET=latin1;

-- ----------------------------
-- Records of campaign
-- ----------------------------
INSERT INTO `campaign` VALUES ('12', 'SZ7CX9', '1', 'Free', '100', null, '2015-11-25', '2015-11-30', '1', '14', '1');
INSERT INTO `campaign` VALUES ('13', '0C8ACV', '2', 'Free', '100', null, '0000-00-00', '0000-00-00', '1', '14', '1');
INSERT INTO `campaign` VALUES ('14', 'DFN7Y9', '3', 'Free', '100', null, '0000-00-00', '0000-00-00', '1', '14', '1');
INSERT INTO `campaign` VALUES ('15', 'ODLVWL', '2', 'test', null, null, '0000-00-00', '0000-00-00', '1', null, '1');

-- ----------------------------
-- Table structure for `campaign_type`
-- ----------------------------
DROP TABLE IF EXISTS `campaign_type`;
CREATE TABLE `campaign_type` (
  `id` int(11) NOT NULL AUTO_INCREMENT,
  `name` varchar(20) NOT NULL,
  `label` varchar(20) NOT NULL,
  `type` enum('Registration','Tradeline') NOT NULL,
  `role` int(11) DEFAULT NULL,
  `status` tinyint(1) DEFAULT NULL,
  PRIMARY KEY (`id`),
  KEY `role` (`role`) USING BTREE,
  CONSTRAINT `campaign_type_ibfk_1` FOREIGN KEY (`role`) REFERENCES `role` (`id`)
) ENGINE=InnoDB AUTO_INCREMENT=5 DEFAULT CHARSET=latin1;

-- ----------------------------
-- Records of campaign_type
-- ----------------------------
INSERT INTO `campaign_type` VALUES ('1', 'client_registration', 'Client Registration', 'Registration', '2', '1');
INSERT INTO `campaign_type` VALUES ('2', 'broker_registration', 'Broker Registration', 'Registration', '5', '1');
INSERT INTO `campaign_type` VALUES ('3', 'owner_registration', 'Owner Registration', 'Registration', '3', '1');
INSERT INTO `campaign_type` VALUES ('4', 'registration', 'Registration', 'Registration', '1', '1');

-- ----------------------------
-- Table structure for `cart`
-- ----------------------------
DROP TABLE IF EXISTS `cart`;
CREATE TABLE `cart` (
  `id` int(11) NOT NULL AUTO_INCREMENT,
  `user_id` int(11) NOT NULL,
  `status` tinyint(1) DEFAULT '0',
  PRIMARY KEY (`id`),
  KEY `user_id` (`user_id`) USING BTREE,
  CONSTRAINT `cart_ibfk_1` FOREIGN KEY (`user_id`) REFERENCES `user` (`id`)
) ENGINE=InnoDB DEFAULT CHARSET=latin1;

-- ----------------------------
-- Records of cart
-- ----------------------------

-- ----------------------------
-- Table structure for `cart_item`
-- ----------------------------
DROP TABLE IF EXISTS `cart_item`;
CREATE TABLE `cart_item` (
  `id` int(11) NOT NULL DEFAULT '0',
  `line_id` int(11) NOT NULL,
  `quantity` int(11) NOT NULL DEFAULT '1',
  PRIMARY KEY (`id`,`line_id`),
  KEY `line_id` (`line_id`) USING BTREE,
  CONSTRAINT `cart_item_ibfk_1` FOREIGN KEY (`line_id`) REFERENCES `line` (`id`),
  CONSTRAINT `cart_item_ibfk_2` FOREIGN KEY (`id`) REFERENCES `cart` (`id`)
) ENGINE=InnoDB DEFAULT CHARSET=latin1;

-- ----------------------------
-- Records of cart_item
-- ----------------------------

-- ----------------------------
-- Table structure for `ci_sessions`
-- ----------------------------
DROP TABLE IF EXISTS `ci_sessions`;
CREATE TABLE `ci_sessions` (
  `id` varchar(40) NOT NULL,
  `ip_address` varchar(45) NOT NULL,
  `timestamp` int(10) unsigned NOT NULL DEFAULT '0',
  `data` blob NOT NULL,
  KEY `ci_sessions_timestamp` (`timestamp`) USING BTREE
) ENGINE=InnoDB DEFAULT CHARSET=latin1;

-- ----------------------------
-- Records of ci_sessions
-- ----------------------------
INSERT INTO `ci_sessions` VALUES ('f9ede0e4acfee00331a4fd48ebf7c72e2ea0bb2f', '127.0.0.1', '1448599269', 0x5F5F63695F6C6173745F726567656E65726174657C693A313434383539353432373B616972626F726E74765F61646D696E5F7573657269647C733A313A2231223B726F6C65737C613A323A7B733A363A2262726F6B6572223B733A363A2242726F6B6572223B733A353A2261646D696E223B733A353A2241646D696E223B7D617574686F7269746965737C613A303A7B7D63617074636861576F72647C733A303A22223B66697273745F6C6173745F6E616D657C733A31343A2254656A20546563686E6F6C6F6779223B616972626F726E74765F62726F6B65725F7573657269647C4E3B70726F66696C655F7069637C4E3B63757272656E745F726F6C655F69647C733A313A2237223B63757272656E745F726F6C655F6E616D657C733A353A2261646D696E223B63757272656E745F726F6C655F6C6162656C7C733A353A2241646D696E223B63757272656E745F637265617465645F646174657C733A31393A22323031352D31312D31392030333A32373A3332223B696E626F787C4E3B636F756E745F696E626F787C693A303B656D61696C7C733A32333A22747562656C696768747361676140676D61696C2E636F6D223B6D656D62657273686970737C613A313A7B693A303B733A31333A2262726F6B65725F73696C766572223B7D6D6F6E74686C795F746970737C613A303A7B7D7064667C613A303A7B7D70686F6E657C4E3B636974797C733A303A22223B7374726565747C733A303A22223B706F7374616C5F636F64657C733A313A2230223B73746174657C733A303A22223B7768617441726554726164656C696E65737C4E3B74726164656C696E6542656E65666974737C4E3B66756E64696E677C613A333A7B693A303B4F3A383A22737464436C617373223A373A7B733A353A2276616C7565223B4E3B733A343A2266696C65223B733A303A22223B733A343A226E616D65223B733A31383A22437265646974636172642046756E64696E67223B733A31303A2273686F72745F6E616D65223B733A313A2230223B733A31313A226465736372697074696F6E223B733A32303A22437265646974636172642046756E64696E672E2E223B733A323A226964223B733A313A2231223B733A363A226D6F64756C65223B733A343A2266756E64223B7D693A313B4F3A383A22737464436C617373223A373A7B733A353A2276616C7565223B4E3B733A343A2266696C65223B733A303A22223B733A343A226E616D65223B733A31363A22506572736F6E616C2046756E64696E67223B733A31303A2273686F72745F6E616D65223B733A313A2230223B733A31313A226465736372697074696F6E223B733A31383A22506572736F6E616C2046756E64696E672E2E223B733A323A226964223B733A313A2232223B733A363A226D6F64756C65223B733A343A2266756E64223B7D693A323B4F3A383A22737464436C617373223A373A7B733A353A2276616C7565223B4E3B733A343A2266696C65223B733A303A22223B733A343A226E616D65223B733A31353A22507269766174652046756E64696E67223B733A31303A2273686F72745F6E616D65223B733A313A2230223B733A31313A226465736372697074696F6E223B733A31383A22507269766174652046756E64696E67202E2E223B733A323A226964223B733A313A2233223B733A363A226D6F64756C65223B733A343A2266756E64223B7D7D);
INSERT INTO `ci_sessions` VALUES ('8de427946d0605d9103f05d7f12fc1051645b0a4', '::1', '1448599156', 0x5F5F63695F6C6173745F726567656E65726174657C693A313434383539353438343B63617074636861576F72647C733A303A22223B63757272656E745F637265617465645F646174657C733A31393A22323031352D31312D31392030333A33363A3430223B656D61696C7C733A33323A2274656A7465616D2B706C6174696E756D636C69656E7440676D61696C2E636F6D223B6D656D62657273686970737C613A313A7B693A303B733A31353A22636C69656E745F706C6174696E756D223B7D70686F6E657C4E3B636974797C4E3B7374726565747C4E3B706F7374616C5F636F64657C4E3B73746174657C4E3B7768617441726554726164656C696E65737C4E3B74726164656C696E6542656E65666974737C4E3B66756E64696E677C613A333A7B693A303B4F3A383A22737464436C617373223A373A7B733A353A2276616C7565223B4E3B733A343A2266696C65223B733A303A22223B733A343A226E616D65223B733A31383A22437265646974636172642046756E64696E67223B733A31303A2273686F72745F6E616D65223B733A313A2230223B733A31313A226465736372697074696F6E223B733A32303A22437265646974636172642046756E64696E672E2E223B733A323A226964223B733A313A2231223B733A363A226D6F64756C65223B733A343A2266756E64223B7D693A313B4F3A383A22737464436C617373223A373A7B733A353A2276616C7565223B4E3B733A343A2266696C65223B733A303A22223B733A343A226E616D65223B733A31363A22506572736F6E616C2046756E64696E67223B733A31303A2273686F72745F6E616D65223B733A313A2230223B733A31313A226465736372697074696F6E223B733A31383A22506572736F6E616C2046756E64696E672E2E223B733A323A226964223B733A313A2232223B733A363A226D6F64756C65223B733A343A2266756E64223B7D693A323B4F3A383A22737464436C617373223A373A7B733A353A2276616C7565223B4E3B733A343A2266696C65223B733A303A22223B733A343A226E616D65223B733A31353A22507269766174652046756E64696E67223B733A31303A2273686F72745F6E616D65223B733A313A2230223B733A31313A226465736372697074696F6E223B733A31383A22507269766174652046756E64696E67202E2E223B733A323A226964223B733A313A2233223B733A363A226D6F64756C65223B733A343A2266756E64223B7D7D616972626F726E74765F61646D696E5F7573657269647C733A303A22223B726F6C65737C733A303A22223B617574686F7269746965737C733A303A22223B66697273745F6C6173745F6E616D657C733A303A22223B);
INSERT INTO `ci_sessions` VALUES ('4747bb36d1a5ec0aa74fe9f2d044dd2564c2a275', '::1', '1448611785', 0x5F5F63695F6C6173745F726567656E65726174657C693A313434383630353736353B616972626F726E74765F61646D696E5F7573657269647C733A313A2231223B726F6C65737C613A323A7B733A363A2262726F6B6572223B733A363A2242726F6B6572223B733A353A2261646D696E223B733A353A2241646D696E223B7D617574686F7269746965737C613A303A7B7D63617074636861576F72647C733A303A22223B66697273745F6C6173745F6E616D657C733A31343A2254656A20546563686E6F6C6F6779223B616972626F726E74765F62726F6B65725F7573657269647C4E3B70726F66696C655F7069637C4E3B63757272656E745F726F6C655F69647C733A313A2237223B63757272656E745F726F6C655F6E616D657C733A353A2261646D696E223B63757272656E745F726F6C655F6C6162656C7C733A353A2241646D696E223B63757272656E745F637265617465645F646174657C733A31393A22323031352D31312D31392030333A32373A3332223B696E626F787C4E3B636F756E745F696E626F787C693A303B656D61696C7C733A32333A22747562656C696768747361676140676D61696C2E636F6D223B6D656D62657273686970737C613A313A7B693A303B733A31333A2262726F6B65725F73696C766572223B7D6D6F6E74686C795F746970737C613A303A7B7D7064667C613A303A7B7D70686F6E657C4E3B636974797C733A303A22223B7374726565747C733A303A22223B706F7374616C5F636F64657C733A313A2230223B73746174657C733A303A22223B7768617441726554726164656C696E65737C4E3B74726164656C696E6542656E65666974737C4E3B66756E64696E677C613A333A7B693A303B4F3A383A22737464436C617373223A373A7B733A353A2276616C7565223B4E3B733A343A2266696C65223B733A303A22223B733A343A226E616D65223B733A31383A22437265646974636172642046756E64696E67223B733A31303A2273686F72745F6E616D65223B733A313A2230223B733A31313A226465736372697074696F6E223B733A32303A22437265646974636172642046756E64696E672E2E223B733A323A226964223B733A313A2231223B733A363A226D6F64756C65223B733A343A2266756E64223B7D693A313B4F3A383A22737464436C617373223A373A7B733A353A2276616C7565223B4E3B733A343A2266696C65223B733A303A22223B733A343A226E616D65223B733A31363A22506572736F6E616C2046756E64696E67223B733A31303A2273686F72745F6E616D65223B733A313A2230223B733A31313A226465736372697074696F6E223B733A31383A22506572736F6E616C2046756E64696E672E2E223B733A323A226964223B733A313A2232223B733A363A226D6F64756C65223B733A343A2266756E64223B7D693A323B4F3A383A22737464436C617373223A373A7B733A353A2276616C7565223B4E3B733A343A2266696C65223B733A303A22223B733A343A226E616D65223B733A31353A22507269766174652046756E64696E67223B733A31303A2273686F72745F6E616D65223B733A313A2230223B733A31313A226465736372697074696F6E223B733A31383A22507269766174652046756E64696E67202E2E223B733A323A226964223B733A313A2233223B733A363A226D6F64756C65223B733A343A2266756E64223B7D7D);
INSERT INTO `ci_sessions` VALUES ('b471bc3e2de0d4b4956a3eade61a9a3476f8f6e5', '127.0.0.1', '1448612922', 0x5F5F63695F6C6173745F726567656E65726174657C693A313434383630353737303B63617074636861576F72647C733A303A22223B63757272656E745F637265617465645F646174657C733A31393A22323031352D31312D32362031363A34373A3336223B656D61696C7C733A31393A226D616E69733630363240676D61696C2E636F6D223B6D656D62657273686970737C613A313A7B693A303B733A31353A22636C69656E745F706C6174696E756D223B7D70686F6E657C4E3B636974797C733A303A22223B7374726565747C733A303A22223B706F7374616C5F636F64657C733A313A2230223B73746174657C733A303A22223B7768617441726554726164656C696E65737C4E3B74726164656C696E6542656E65666974737C4E3B66756E64696E677C613A333A7B693A303B4F3A383A22737464436C617373223A373A7B733A353A2276616C7565223B4E3B733A343A2266696C65223B733A303A22223B733A343A226E616D65223B733A31383A22437265646974636172642046756E64696E67223B733A31303A2273686F72745F6E616D65223B733A313A2230223B733A31313A226465736372697074696F6E223B733A32303A22437265646974636172642046756E64696E672E2E223B733A323A226964223B733A313A2231223B733A363A226D6F64756C65223B733A343A2266756E64223B7D693A313B4F3A383A22737464436C617373223A373A7B733A353A2276616C7565223B4E3B733A343A2266696C65223B733A303A22223B733A343A226E616D65223B733A31363A22506572736F6E616C2046756E64696E67223B733A31303A2273686F72745F6E616D65223B733A313A2230223B733A31313A226465736372697074696F6E223B733A31383A22506572736F6E616C2046756E64696E672E2E223B733A323A226964223B733A313A2232223B733A363A226D6F64756C65223B733A343A2266756E64223B7D693A323B4F3A383A22737464436C617373223A373A7B733A353A2276616C7565223B4E3B733A343A2266696C65223B733A303A22223B733A343A226E616D65223B733A31353A22507269766174652046756E64696E67223B733A31303A2273686F72745F6E616D65223B733A313A2230223B733A31313A226465736372697074696F6E223B733A31383A22507269766174652046756E64696E67202E2E223B733A323A226964223B733A313A2233223B733A363A226D6F64756C65223B733A343A2266756E64223B7D7D616972626F726E74765F61646D696E5F7573657269647C733A303A22223B726F6C65737C733A303A22223B617574686F7269746965737C733A303A22223B66697273745F6C6173745F6E616D657C733A303A22223B);
INSERT INTO `ci_sessions` VALUES ('ddcb77815c2634dcd9e1fca4da82e615fbb929b5', '::1', '1448613916', 0x5F5F63695F6C6173745F726567656E65726174657C693A313434383631333032323B616972626F726E74765F61646D696E5F7573657269647C733A313A2231223B726F6C65737C613A323A7B733A363A2262726F6B6572223B733A363A2242726F6B6572223B733A353A2261646D696E223B733A353A2241646D696E223B7D617574686F7269746965737C613A303A7B7D63617074636861576F72647C733A303A22223B66697273745F6C6173745F6E616D657C733A31343A2254656A20546563686E6F6C6F6779223B616972626F726E74765F62726F6B65725F7573657269647C4E3B70726F66696C655F7069637C4E3B63757272656E745F726F6C655F69647C733A313A2235223B63757272656E745F726F6C655F6E616D657C733A363A2262726F6B6572223B63757272656E745F726F6C655F6C6162656C7C733A363A2242726F6B6572223B63757272656E745F637265617465645F646174657C733A31393A22323031352D31312D31392030333A32373A3332223B696E626F787C4E3B636F756E745F696E626F787C693A303B656D61696C7C733A32333A22747562656C696768747361676140676D61696C2E636F6D223B6D656D62657273686970737C613A313A7B693A303B733A31333A2262726F6B65725F73696C766572223B7D6D6F6E74686C795F746970737C613A303A7B7D7064667C613A303A7B7D70686F6E657C4E3B636974797C733A303A22223B7374726565747C733A303A22223B706F7374616C5F636F64657C733A313A2230223B73746174657C733A303A22223B7768617441726554726164656C696E65737C4E3B74726164656C696E6542656E65666974737C4E3B66756E64696E677C613A333A7B693A303B4F3A383A22737464436C617373223A373A7B733A353A2276616C7565223B4E3B733A343A2266696C65223B733A303A22223B733A343A226E616D65223B733A31383A22437265646974636172642046756E64696E67223B733A31303A2273686F72745F6E616D65223B733A313A2230223B733A31313A226465736372697074696F6E223B733A32303A22437265646974636172642046756E64696E672E2E223B733A323A226964223B733A313A2231223B733A363A226D6F64756C65223B733A343A2266756E64223B7D693A313B4F3A383A22737464436C617373223A373A7B733A353A2276616C7565223B4E3B733A343A2266696C65223B733A303A22223B733A343A226E616D65223B733A31363A22506572736F6E616C2046756E64696E67223B733A31303A2273686F72745F6E616D65223B733A313A2230223B733A31313A226465736372697074696F6E223B733A31383A22506572736F6E616C2046756E64696E672E2E223B733A323A226964223B733A313A2232223B733A363A226D6F64756C65223B733A343A2266756E64223B7D693A323B4F3A383A22737464436C617373223A373A7B733A353A2276616C7565223B4E3B733A343A2266696C65223B733A303A22223B733A343A226E616D65223B733A31353A22507269766174652046756E64696E67223B733A31303A2273686F72745F6E616D65223B733A313A2230223B733A31313A226465736372697074696F6E223B733A31383A22507269766174652046756E64696E67202E2E223B733A323A226964223B733A313A2233223B733A363A226D6F64756C65223B733A343A2266756E64223B7D7D);
INSERT INTO `ci_sessions` VALUES ('a4b0fc5d347bd23bfc4e33cd3611cb498e667ee5', '127.0.0.1', '1448619627', 0x5F5F63695F6C6173745F726567656E65726174657C693A313434383631333036373B63617074636861576F72647C733A303A22223B63757272656E745F637265617465645F646174657C733A31393A22323031352D31312D31392030333A32373A3332223B656D61696C7C733A32333A22747562656C696768747361676140676D61696C2E636F6D223B6D656D62657273686970737C613A313A7B693A303B733A31333A2262726F6B65725F73696C766572223B7D70686F6E657C4E3B636974797C733A303A22223B7374726565747C733A303A22223B706F7374616C5F636F64657C733A313A2230223B73746174657C733A303A22223B7768617441726554726164656C696E65737C4E3B74726164656C696E6542656E65666974737C4E3B66756E64696E677C613A333A7B693A303B4F3A383A22737464436C617373223A373A7B733A353A2276616C7565223B4E3B733A343A2266696C65223B733A303A22223B733A343A226E616D65223B733A31383A22437265646974636172642046756E64696E67223B733A31303A2273686F72745F6E616D65223B733A313A2230223B733A31313A226465736372697074696F6E223B733A32303A22437265646974636172642046756E64696E672E2E223B733A323A226964223B733A313A2231223B733A363A226D6F64756C65223B733A343A2266756E64223B7D693A313B4F3A383A22737464436C617373223A373A7B733A353A2276616C7565223B4E3B733A343A2266696C65223B733A303A22223B733A343A226E616D65223B733A31363A22506572736F6E616C2046756E64696E67223B733A31303A2273686F72745F6E616D65223B733A313A2230223B733A31313A226465736372697074696F6E223B733A31383A22506572736F6E616C2046756E64696E672E2E223B733A323A226964223B733A313A2232223B733A363A226D6F64756C65223B733A343A2266756E64223B7D693A323B4F3A383A22737464436C617373223A373A7B733A353A2276616C7565223B4E3B733A343A2266696C65223B733A303A22223B733A343A226E616D65223B733A31353A22507269766174652046756E64696E67223B733A31303A2273686F72745F6E616D65223B733A313A2230223B733A31313A226465736372697074696F6E223B733A31383A22507269766174652046756E64696E67202E2E223B733A323A226964223B733A313A2233223B733A363A226D6F64756C65223B733A343A2266756E64223B7D7D616972626F726E74765F61646D696E5F7573657269647C733A313A2231223B726F6C65737C613A323A7B733A363A2262726F6B6572223B733A363A2242726F6B6572223B733A353A2261646D696E223B733A353A2241646D696E223B7D617574686F7269746965737C613A303A7B7D66697273745F6C6173745F6E616D657C733A31343A2254656A20546563686E6F6C6F6779223B616972626F726E74765F62726F6B65725F7573657269647C4E3B70726F66696C655F7069637C4E3B63757272656E745F726F6C655F69647C733A313A2237223B63757272656E745F726F6C655F6E616D657C733A353A2261646D696E223B63757272656E745F726F6C655F6C6162656C7C733A353A2241646D696E223B696E626F787C4E3B636F756E745F696E626F787C693A303B6D6F6E74686C795F746970737C613A303A7B7D7064667C613A303A7B7D7265646972656374546F43757272656E747C733A36333A22687474703A2F2F6C6F63616C686F73742F437265646974556E69766572736974792F61646D696E6973747261746F722F757365722F757365722F4172726179223B5F5F63695F766172737C613A313A7B733A31373A227265646972656374546F43757272656E74223B733A333A226E6577223B7D);
INSERT INTO `ci_sessions` VALUES ('8686f645c5f01e27ce12c09d932b54f574246a65', '127.0.0.1', '1448865206', 0x5F5F63695F6C6173745F726567656E65726174657C693A313434383836313837333B616972626F726E74765F61646D696E5F7573657269647C733A313A2231223B726F6C65737C613A323A7B733A363A2262726F6B6572223B733A363A2242726F6B6572223B733A353A2261646D696E223B733A353A2241646D696E223B7D617574686F7269746965737C613A303A7B7D63617074636861576F72647C733A303A22223B66697273745F6C6173745F6E616D657C733A31343A2254656A20546563686E6F6C6F6779223B616972626F726E74765F62726F6B65725F7573657269647C4E3B70726F66696C655F7069637C4E3B63757272656E745F726F6C655F69647C733A313A2235223B63757272656E745F726F6C655F6E616D657C733A363A2262726F6B6572223B63757272656E745F726F6C655F6C6162656C7C733A363A2242726F6B6572223B63757272656E745F637265617465645F646174657C733A31393A22323031352D31312D31392030333A32373A3332223B696E626F787C4E3B636F756E745F696E626F787C693A303B656D61696C7C733A32333A22747562656C696768747361676140676D61696C2E636F6D223B6D656D62657273686970737C613A313A7B693A303B733A31333A2262726F6B65725F73696C766572223B7D6D6F6E74686C795F746970737C613A303A7B7D7064667C613A303A7B7D70686F6E657C4E3B636974797C733A303A22223B7374726565747C733A303A22223B706F7374616C5F636F64657C733A313A2230223B73746174657C733A303A22223B7768617441726554726164656C696E65737C4E3B74726164656C696E6542656E65666974737C4E3B66756E64696E677C613A333A7B693A303B4F3A383A22737464436C617373223A373A7B733A353A2276616C7565223B4E3B733A343A2266696C65223B733A303A22223B733A343A226E616D65223B733A31383A22437265646974636172642046756E64696E67223B733A31303A2273686F72745F6E616D65223B733A313A2230223B733A31313A226465736372697074696F6E223B733A32303A22437265646974636172642046756E64696E672E2E223B733A323A226964223B733A313A2231223B733A363A226D6F64756C65223B733A343A2266756E64223B7D693A313B4F3A383A22737464436C617373223A373A7B733A353A2276616C7565223B4E3B733A343A2266696C65223B733A303A22223B733A343A226E616D65223B733A31363A22506572736F6E616C2046756E64696E67223B733A31303A2273686F72745F6E616D65223B733A313A2230223B733A31313A226465736372697074696F6E223B733A31383A22506572736F6E616C2046756E64696E672E2E223B733A323A226964223B733A313A2232223B733A363A226D6F64756C65223B733A343A2266756E64223B7D693A323B4F3A383A22737464436C617373223A373A7B733A353A2276616C7565223B4E3B733A343A2266696C65223B733A303A22223B733A343A226E616D65223B733A31353A22507269766174652046756E64696E67223B733A31303A2273686F72745F6E616D65223B733A313A2230223B733A31313A226465736372697074696F6E223B733A31383A22507269766174652046756E64696E67202E2E223B733A323A226964223B733A313A2233223B733A363A226D6F64756C65223B733A343A2266756E64223B7D7D7265646972656374546F43757272656E747C733A36333A22687474703A2F2F6C6F63616C686F73742F437265646974556E69766572736974792F61646D696E6973747261746F722F757365722F757365722F4172726179223B5F5F63695F766172737C613A313A7B733A31373A227265646972656374546F43757272656E74223B733A333A226E6577223B7D);
INSERT INTO `ci_sessions` VALUES ('0c3cb356fd2395a03e9c93471a96f722bd5119ea', '127.0.0.1', '1448873088', 0x5F5F63695F6C6173745F726567656E65726174657C693A313434383836393138313B616972626F726E74765F61646D696E5F7573657269647C733A313A2231223B726F6C65737C613A323A7B733A363A2262726F6B6572223B733A363A2242726F6B6572223B733A353A2261646D696E223B733A353A2241646D696E223B7D617574686F7269746965737C613A303A7B7D63617074636861576F72647C733A303A22223B66697273745F6C6173745F6E616D657C733A31343A2254656A20546563686E6F6C6F6779223B616972626F726E74765F62726F6B65725F7573657269647C4E3B70726F66696C655F7069637C4E3B63757272656E745F726F6C655F69647C733A313A2237223B63757272656E745F726F6C655F6E616D657C733A353A2261646D696E223B63757272656E745F726F6C655F6C6162656C7C733A353A2241646D696E223B63757272656E745F637265617465645F646174657C733A31393A22323031352D31312D31392030333A32373A3332223B696E626F787C4E3B636F756E745F696E626F787C693A303B656D61696C7C733A32333A22747562656C696768747361676140676D61696C2E636F6D223B6D656D62657273686970737C613A313A7B693A303B733A31333A2262726F6B65725F73696C766572223B7D6D6F6E74686C795F746970737C613A303A7B7D7064667C613A303A7B7D70686F6E657C4E3B636974797C733A303A22223B7374726565747C733A303A22223B706F7374616C5F636F64657C733A313A2230223B73746174657C733A303A22223B7768617441726554726164656C696E65737C4E3B74726164656C696E6542656E65666974737C4E3B66756E64696E677C613A333A7B693A303B4F3A383A22737464436C617373223A373A7B733A353A2276616C7565223B4E3B733A343A2266696C65223B733A303A22223B733A343A226E616D65223B733A31383A22437265646974636172642046756E64696E67223B733A31303A2273686F72745F6E616D65223B733A313A2230223B733A31313A226465736372697074696F6E223B733A32303A22437265646974636172642046756E64696E672E2E223B733A323A226964223B733A313A2231223B733A363A226D6F64756C65223B733A343A2266756E64223B7D693A313B4F3A383A22737464436C617373223A373A7B733A353A2276616C7565223B4E3B733A343A2266696C65223B733A303A22223B733A343A226E616D65223B733A31363A22506572736F6E616C2046756E64696E67223B733A31303A2273686F72745F6E616D65223B733A313A2230223B733A31313A226465736372697074696F6E223B733A31383A22506572736F6E616C2046756E64696E672E2E223B733A323A226964223B733A313A2232223B733A363A226D6F64756C65223B733A343A2266756E64223B7D693A323B4F3A383A22737464436C617373223A373A7B733A353A2276616C7565223B4E3B733A343A2266696C65223B733A303A22223B733A343A226E616D65223B733A31353A22507269766174652046756E64696E67223B733A31303A2273686F72745F6E616D65223B733A313A2230223B733A31313A226465736372697074696F6E223B733A31383A22507269766174652046756E64696E67202E2E223B733A323A226964223B733A313A2233223B733A363A226D6F64756C65223B733A343A2266756E64223B7D7D);
INSERT INTO `ci_sessions` VALUES ('ff0644262d86f36260db51cd4c06bd89f0b514c4', '127.0.0.1', '1449171449', 0x5F5F63695F6C6173745F726567656E65726174657C693A313434393136393334323B63617074636861576F72647C733A303A22223B63757272656E745F637265617465645F646174657C733A31393A22323031352D31312D31392030333A32373A3332223B656D61696C7C733A32333A22747562656C696768747361676140676D61696C2E636F6D223B6D656D62657273686970737C613A313A7B693A303B733A31333A2262726F6B65725F73696C766572223B7D70686F6E657C4E3B636974797C733A303A22223B7374726565747C733A303A22223B706F7374616C5F636F64657C733A313A2230223B73746174657C733A303A22223B7768617441726554726164656C696E65737C4E3B74726164656C696E6542656E65666974737C4E3B66756E64696E677C613A333A7B693A303B4F3A383A22737464436C617373223A373A7B733A353A2276616C7565223B4E3B733A343A2266696C65223B733A303A22223B733A343A226E616D65223B733A31383A22437265646974636172642046756E64696E67223B733A31303A2273686F72745F6E616D65223B733A313A2230223B733A31313A226465736372697074696F6E223B733A32303A22437265646974636172642046756E64696E672E2E223B733A323A226964223B733A313A2231223B733A363A226D6F64756C65223B733A343A2266756E64223B7D693A313B4F3A383A22737464436C617373223A373A7B733A353A2276616C7565223B4E3B733A343A2266696C65223B733A303A22223B733A343A226E616D65223B733A31363A22506572736F6E616C2046756E64696E67223B733A31303A2273686F72745F6E616D65223B733A313A2230223B733A31313A226465736372697074696F6E223B733A31383A22506572736F6E616C2046756E64696E672E2E223B733A323A226964223B733A313A2232223B733A363A226D6F64756C65223B733A343A2266756E64223B7D693A323B4F3A383A22737464436C617373223A373A7B733A353A2276616C7565223B4E3B733A343A2266696C65223B733A303A22223B733A343A226E616D65223B733A31353A22507269766174652046756E64696E67223B733A31303A2273686F72745F6E616D65223B733A313A2230223B733A31313A226465736372697074696F6E223B733A31383A22507269766174652046756E64696E67202E2E223B733A323A226964223B733A313A2233223B733A363A226D6F64756C65223B733A343A2266756E64223B7D7D616972626F726E74765F61646D696E5F7573657269647C733A313A2231223B726F6C65737C613A323A7B733A363A2262726F6B6572223B733A363A2242726F6B6572223B733A353A2261646D696E223B733A353A2241646D696E223B7D617574686F7269746965737C613A303A7B7D66697273745F6C6173745F6E616D657C733A31343A2254656A20546563686E6F6C6F6779223B616972626F726E74765F62726F6B65725F7573657269647C4E3B70726F66696C655F7069637C4E3B63757272656E745F726F6C655F69647C733A313A2235223B63757272656E745F726F6C655F6E616D657C733A363A2262726F6B6572223B63757272656E745F726F6C655F6C6162656C7C733A363A2242726F6B6572223B696E626F787C4E3B636F756E745F696E626F787C693A303B6D6F6E74686C795F746970737C613A303A7B7D7064667C613A303A7B7D);
INSERT INTO `ci_sessions` VALUES ('b42585423fa5a30bfa97f0c6deed5732969d2281', '::1', '1449336091', 0x5F5F63695F6C6173745F726567656E65726174657C693A313434393333343330333B616972626F726E74765F61646D696E5F7573657269647C733A313A2231223B726F6C65737C613A323A7B733A363A2262726F6B6572223B733A363A2242726F6B6572223B733A353A2261646D696E223B733A353A2241646D696E223B7D617574686F7269746965737C613A303A7B7D63617074636861576F72647C733A303A22223B66697273745F6C6173745F6E616D657C733A31343A2254656A20546563686E6F6C6F6779223B616972626F726E74765F62726F6B65725F7573657269647C4E3B70726F66696C655F7069637C4E3B63757272656E745F726F6C655F69647C733A313A2235223B63757272656E745F726F6C655F6E616D657C733A363A2262726F6B6572223B63757272656E745F726F6C655F6C6162656C7C733A363A2242726F6B6572223B63757272656E745F637265617465645F646174657C733A31393A22323031352D31312D31392030333A32373A3332223B696E626F787C4E3B636F756E745F696E626F787C693A303B656D61696C7C733A32333A22747562656C696768747361676140676D61696C2E636F6D223B6D656D62657273686970737C613A313A7B693A303B733A31333A2262726F6B65725F73696C766572223B7D6D6F6E74686C795F746970737C613A303A7B7D7064667C613A303A7B7D70686F6E657C4E3B636974797C733A303A22223B7374726565747C733A303A22223B706F7374616C5F636F64657C733A313A2230223B73746174657C733A303A22223B7768617441726554726164656C696E65737C4E3B74726164656C696E6542656E65666974737C4E3B66756E64696E677C613A333A7B693A303B4F3A383A22737464436C617373223A373A7B733A353A2276616C7565223B4E3B733A343A2266696C65223B733A303A22223B733A343A226E616D65223B733A31383A22437265646974636172642046756E64696E67223B733A31303A2273686F72745F6E616D65223B733A313A2230223B733A31313A226465736372697074696F6E223B733A32303A22437265646974636172642046756E64696E672E2E223B733A323A226964223B733A313A2231223B733A363A226D6F64756C65223B733A343A2266756E64223B7D693A313B4F3A383A22737464436C617373223A373A7B733A353A2276616C7565223B4E3B733A343A2266696C65223B733A303A22223B733A343A226E616D65223B733A31363A22506572736F6E616C2046756E64696E67223B733A31303A2273686F72745F6E616D65223B733A313A2230223B733A31313A226465736372697074696F6E223B733A31383A22506572736F6E616C2046756E64696E672E2E223B733A323A226964223B733A313A2232223B733A363A226D6F64756C65223B733A343A2266756E64223B7D693A323B4F3A383A22737464436C617373223A373A7B733A353A2276616C7565223B4E3B733A343A2266696C65223B733A303A22223B733A343A226E616D65223B733A31353A22507269766174652046756E64696E67223B733A31303A2273686F72745F6E616D65223B733A313A2230223B733A31313A226465736372697074696F6E223B733A31383A22507269766174652046756E64696E67202E2E223B733A323A226964223B733A313A2233223B733A363A226D6F64756C65223B733A343A2266756E64223B7D7D);
INSERT INTO `ci_sessions` VALUES ('5b946edd31f166dd6a70d9013f07b6848cef2e2d', '::1', '1450200525', 0x5F5F63695F6C6173745F726567656E65726174657C693A313435303139393732323B616972626F726E74765F61646D696E5F7573657269647C733A313A2231223B726F6C65737C613A323A7B733A363A2262726F6B6572223B733A363A2242726F6B6572223B733A353A2261646D696E223B733A353A2241646D696E223B7D617574686F7269746965737C613A303A7B7D63617074636861576F72647C733A303A22223B66697273745F6C6173745F6E616D657C733A31343A2254656A20546563686E6F6C6F6779223B616972626F726E74765F62726F6B65725F7573657269647C4E3B70726F66696C655F7069637C4E3B63757272656E745F726F6C655F69647C733A313A2237223B63757272656E745F726F6C655F6E616D657C733A353A2261646D696E223B63757272656E745F726F6C655F6C6162656C7C733A353A2241646D696E223B63757272656E745F637265617465645F646174657C733A31393A22323031352D31312D31392030333A32373A3332223B696E626F787C4E3B636F756E745F696E626F787C693A303B656D61696C7C733A32333A22747562656C696768747361676140676D61696C2E636F6D223B6D656D62657273686970737C613A313A7B693A303B733A31333A2262726F6B65725F73696C766572223B7D6D6F6E74686C795F746970737C613A303A7B7D7064667C613A303A7B7D70686F6E657C4E3B636974797C733A303A22223B7374726565747C733A303A22223B706F7374616C5F636F64657C733A313A2230223B73746174657C733A303A22223B7768617441726554726164656C696E65737C4E3B74726164656C696E6542656E65666974737C4E3B66756E64696E677C613A333A7B693A303B4F3A383A22737464436C617373223A373A7B733A353A2276616C7565223B4E3B733A343A2266696C65223B733A303A22223B733A343A226E616D65223B733A31383A22437265646974636172642046756E64696E67223B733A31303A2273686F72745F6E616D65223B733A313A2230223B733A31313A226465736372697074696F6E223B733A32303A22437265646974636172642046756E64696E672E2E223B733A323A226964223B733A313A2231223B733A363A226D6F64756C65223B733A343A2266756E64223B7D693A313B4F3A383A22737464436C617373223A373A7B733A353A2276616C7565223B4E3B733A343A2266696C65223B733A303A22223B733A343A226E616D65223B733A31363A22506572736F6E616C2046756E64696E67223B733A31303A2273686F72745F6E616D65223B733A313A2230223B733A31313A226465736372697074696F6E223B733A31383A22506572736F6E616C2046756E64696E672E2E223B733A323A226964223B733A313A2232223B733A363A226D6F64756C65223B733A343A2266756E64223B7D693A323B4F3A383A22737464436C617373223A373A7B733A353A2276616C7565223B4E3B733A343A2266696C65223B733A303A22223B733A343A226E616D65223B733A31353A22507269766174652046756E64696E67223B733A31303A2273686F72745F6E616D65223B733A313A2230223B733A31313A226465736372697074696F6E223B733A31383A22507269766174652046756E64696E67202E2E223B733A323A226964223B733A313A2233223B733A363A226D6F64756C65223B733A343A2266756E64223B7D7D);

-- ----------------------------
-- Table structure for `client_monitoring_service`
-- ----------------------------
DROP TABLE IF EXISTS `client_monitoring_service`;
CREATE TABLE `client_monitoring_service` (
  `id` int(11) NOT NULL AUTO_INCREMENT,
  `monitoring_service_id` int(11) NOT NULL,
  `userId` int(11) NOT NULL,
  `username` varchar(50) DEFAULT NULL,
  `password` varchar(500) DEFAULT NULL,
  `security_answer` varchar(100) DEFAULT NULL,
  PRIMARY KEY (`id`),
  KEY `userId` (`userId`) USING BTREE,
  KEY `monitoring_service_id` (`monitoring_service_id`) USING BTREE,
  CONSTRAINT `client_monitoring_service_ibfk_1` FOREIGN KEY (`userId`) REFERENCES `user` (`id`),
  CONSTRAINT `client_monitoring_service_ibfk_2` FOREIGN KEY (`monitoring_service_id`) REFERENCES `monitoring_service` (`id`)
) ENGINE=InnoDB DEFAULT CHARSET=latin1;

-- ----------------------------
-- Records of client_monitoring_service
-- ----------------------------

-- ----------------------------
-- Table structure for `contact`
-- ----------------------------
DROP TABLE IF EXISTS `contact`;
CREATE TABLE `contact` (
  `id` int(11) NOT NULL AUTO_INCREMENT,
  `google` enum('f','t') NOT NULL,
  `source` varchar(800) NOT NULL,
  `form` enum('f','t') NOT NULL,
  `email` varchar(30) NOT NULL,
  `address` varchar(200) NOT NULL,
  `tel` varchar(20) NOT NULL,
  `site` varchar(100) NOT NULL,
  `created_by` int(11) NOT NULL,
  PRIMARY KEY (`id`)
) ENGINE=InnoDB AUTO_INCREMENT=2 DEFAULT CHARSET=latin1;

-- ----------------------------
-- Records of contact
-- ----------------------------
INSERT INTO `contact` VALUES ('1', 't', 'https://www.google.com/maps/embed?pb=!1m18!1m12!1m3!1d24131.779243410623!2d-73.95144090000001!3d40.88345120000001!2m3!1f0!2f0!3f0!3m2!1i1024!2i768!4f13.1!3m3!1m2!1s0x89c2f1431e1e0d17:0x9432c6bbf28318fc!2senglewood+cliffs,+nj!5e0!3m2!1sen!2s!4v1413796924855', 't', 'info@thecredituniversity.com', '120-240 nam bibendum consectetur diam et fringilla', '1800-272-8030', 'www.americacpn.com', '11');

-- ----------------------------
-- Table structure for `content`
-- ----------------------------
DROP TABLE IF EXISTS `content`;
CREATE TABLE `content` (
  `content_id` int(5) NOT NULL AUTO_INCREMENT,
  `content_title` varchar(225) NOT NULL COMMENT 'title of content',
  `content_description` text NOT NULL COMMENT 'details of content',
  `content_status` enum('yes',' NO') NOT NULL COMMENT 'flag TO publish AND unpublish',
  `created_by` int(11) NOT NULL COMMENT 'record created DATE',
  `created_date` datetime NOT NULL COMMENT 'record created BY ',
  `updated_by` int(11) NOT NULL COMMENT 'record updated BY ',
  `updated_date` datetime NOT NULL COMMENT 'record updated DATE ',
  `updated_count` int(11) NOT NULL COMMENT 'record updated COUNT ',
  PRIMARY KEY (`content_id`)
) ENGINE=InnoDB AUTO_INCREMENT=35 DEFAULT CHARSET=latin1;

-- ----------------------------
-- Records of content
-- ----------------------------
INSERT INTO `content` VALUES ('26', 'american cpn', '<p>groundbreaking new program offers a second chance at good credit if you or anyone you know has bad credit you should not only read this article but take action on the information in it. bad credit can make it difficult to get a lot of things in life (and if you have bad credit you know exactly what i mean).<br /><br />your credit is reviewed for more than credit cards. today your credit is checked when you apply for credit cards, car loans, a mortgage, an apartment, and even a job. you can and will be denied all of the above without a decent credit score. imagine not being able to get a job because of your credit and not having the income to payoff the very debts that are causing your credit to decline. it has become increasingly essential to obtain and maintain a good credit rating. but what do you do if you have blemishes on your credit report?<br /><br />due to the existing laws and policies established by the credit reporting agencies it is fairly easy for creditors to report a bad debt to put on your credit report, and difficult for you to remove negative and derogatory info from your report. the average time takes a creditor to get a bad debt reported is two weeks, while a bad debt may stay on your credit report from 2-10 years or more, if you do nothing. even if you contact the credit reporting agencies it can still take up to 90 days to remove or update negative items (if they get removed at all). ?even when you remove or correct negative info from your report you never fully recover the points which were lost due to the negative item. if you lose say 100 pts because of negative items removal or correction of those items will only gain back 25-40 pts, you still end up losing points.<br /><br />this system makes it very easy to spiral out of control and end up with a mountain of debt. even if you have maintained good credit for a good amount of time a few negative items can make it almost impossible to regain that same score. now there is hope no matter what your current credit situation is. even those with the worst credit can benefit from getting a cpn. the credit profile number (cpn) is a nine digit number separate from your social security number used for credit reporting and tracking purposes.<br /><br />you have heard a lot of people talking about this subject. some say that there is no such thing, others say that there are but are illegal, and some inform people say that they definitely are for real. well, let us provide a little more insight.<br /><br />legality of cpn:<br /><br />presently, federal law allows the ability for someone to legally use a private id # for financial reporting purposes instead of a social security number. title 5, section 7 of publication law 93-579 of government organization and employees act: (a) (1) it shall be unlawful for any federal, state or local government agency to deny any individual any right, benefit, or privilege provided by law because of such individual&rsquo;s refusal to disclose his or hers social security account number. what this means is federal law protects those who do not wish to disclose their personal information (ss#) except where required to do so. disclosure of your social security number is only required when dealing with the irs, your employer, or when applying for a federally insured mortgage. instead of a social security number, you now have the opportunity to establish a credit privacy number (cpn). a credit privacy number is a new 9 digit number established for financial reporting purposes.</p>', 'yes', '1', '2014-12-25 10:41:50', '1', '2014-12-25 10:41:50', '7');
INSERT INTO `content` VALUES ('27', 'frequently asked questions', '<p style=\"text-align: center;\"><span style=\"font-family: arial; font-size: medium;\">the credit profile number (cpn) explained.</span></p>\r\n<p><span style=\"font-family: arial;\"> </span></p>\r\n<p><span style=\"font-family: arial; font-size: medium;\"> </span></p>\r\n<p><span style=\"font-family: arial;\"> </span></p>\r\n<p><span style=\"font-family: arial; font-size: medium;\"><br />what is a credit profile number (cpn)? <img title=\"smile\" src=\"/js/admin/tiny-mce/editor/plugins/emotions/img/smiley-smile.gif\" border=\"0\" alt=\"smile\" />it is a nine digit number separate from your social security number used to track your credit activities and history.</span></p>\r\n<p><span style=\"font-family: arial;\"> </span></p>\r\n<p><span style=\"font-family: arial;\"><br /></span></p>\r\n<p><span style=\"font-family: arial;\"> </span></p>\r\n<p><span style=\"font-family: arial; font-size: medium;\"> </span></p>\r\n<p><span style=\"font-family: arial;\"> </span></p>\r\n<p><span style=\"font-family: arial; font-size: medium;\">can i use this number instead of my social security number? <img title=\"smile\" src=\"/js/admin/tiny-mce/editor/plugins/emotions/img/smiley-smile.gif\" border=\"0\" alt=\"smile\" />no, the credit profile number (cpn) does not replace your ss number; this number can only be used for credit reporting purposes. it cannot and should not be used for any government purposes including and not limited to: military, dss income, ssi, taxes; fha, va, or any government backed funding.</span></p>\r\n<p><span style=\"font-family: arial;\"> </span></p>\r\n<p><span style=\"font-family: arial; font-size: medium;\"> </span></p>\r\n<p><span style=\"font-family: arial;\"> </span></p>\r\n<p><span style=\"font-family: arial; font-size: medium;\"><br /> what can i use my new credit profile number (cpn) for? <img title=\"smile\" src=\"/js/admin/tiny-mce/editor/plugins/emotions/img/smiley-smile.gif\" border=\"0\" alt=\"smile\" />you can use your new credit profile number (cpn) for anything that would normally require you to use your ss number for credit reporting purposes. use it to receive credit cards, car loans, a mortgage, personal loans etc.</span></p>\r\n<p><span style=\"font-family: arial;\"> </span></p>\r\n<p><span style=\"font-family: arial; font-size: medium;\"> </span></p>\r\n<p><span style=\"font-family: arial;\"> </span></p>\r\n<p><span style=\"font-family: arial; font-size: medium;\"><br />am i responsible for the debts on my old report? <img title=\"smile\" src=\"/js/admin/tiny-mce/editor/plugins/emotions/img/smiley-smile.gif\" border=\"0\" alt=\"smile\" />yes, you are responsible for all debts on your old report and debts incurred with your credit profile number (cpn). you must remember that while you are rebuilding your credit, you must use your new credit profile number (cpn) wisely. if you have had troubled credit in the past don&rsquo;t repeat your mistakes.</span></p>\r\n<p><span style=\"font-family: arial;\"> </span></p>\r\n<p><span style=\"font-family: arial; font-size: medium;\"> </span></p>\r\n<p><span style=\"font-family: arial;\"> </span></p>\r\n<p><span style=\"font-family: arial; font-size: medium;\"><br />is this legal? <img title=\"laughing\" src=\"/js/admin/tiny-mce/editor/plugins/emotions/img/smiley-laughing.gif\" border=\"0\" alt=\"laughing\" />yes. you can use the existing laws to your advantage for a change. due to certain rights guaranteed by the 1974 us privacy act title v, you have the right to keep your ss number private and not be denied service due to your refusal. the credit bureaus are not government agencies, so you do not have to give them your ss number.</span></p>\r\n<p><span style=\"font-family: arial;\"> </span></p>\r\n<p><span style=\"font-family: arial; font-size: medium;\"> </span></p>\r\n<p><span style=\"font-family: arial;\"> </span></p>\r\n<p><span style=\"font-family: arial; font-size: medium;\"><br />what will my new fico be? <img title=\"surprised\" src=\"/js/admin/tiny-mce/editor/plugins/emotions/img/smiley-surprised.gif\" border=\"0\" alt=\"surprised\" />your credit profile will be blank. you will need to reestablish your credit, by applying for credit cards and other lines.</span></p>\r\n<p><span style=\"font-family: arial;\"> </span></p>\r\n<p><span style=\"font-family: arial; font-size: medium;\"> </span></p>\r\n<p><span style=\"font-family: arial;\"> </span></p>\r\n<p><span style=\"font-family: arial; font-size: medium;\"><br />is there another way to re-establish my credit? <img title=\"wink\" src=\"/js/admin/tiny-mce/editor/plugins/emotions/img/smiley-wink.gif\" border=\"0\" alt=\"wink\" />yes, we know that re-establishing credit can be a time consuming process. we can add fully paid off trade lines to boost your score. we can give you a new credit profile number (cpn) with a 700+ score (excellent credit), to use as you see fit.</span></p>\r\n<p><span style=\"font-family: arial;\"> </span></p>\r\n<p><span style=\"font-family: arial; font-size: medium;\"> </span></p>\r\n<p><span style=\"font-family: arial;\"> </span></p>\r\n<p><span style=\"font-family: arial; font-size: medium;\"><br />are you saying that i can use my credit profile number cpn to buy investment property or get a loan to start a business? <img title=\"money mouth\" src=\"/js/admin/tiny-mce/editor/plugins/emotions/img/smiley-money-mouth.gif\" border=\"0\" alt=\"money mouth\" />yes. leverage is a tool that has been used by the wealthy for generations. now you have it to use for your purposes.</span></p>\r\n<p><span style=\"font-family: arial;\"> </span></p>\r\n<p><span style=\"font-family: arial; font-size: medium;\"> </span></p>\r\n<p><span style=\"font-family: arial;\"> </span></p>\r\n<p><span style=\"font-family: arial; font-size: medium;\"><br />the cpn is a nine-digit number that has the exact same genetic makeup of a social security number. this is not a government issued number like an ein or tin. this number is not a new social and not a tax id or ein. it is simply an available file number at the credit bureaus that can have financial information reported. you have the right to establish this number only once, so do not abuse it. this explanation is not here to advise anyone to misrepresent your social security number, as you are completely responsible for any debts you incur using your credit privacy number.</span></p>\r\n<p><span style=\"font-family: arial;\"> </span></p>\r\n<p><span style=\"font-family: arial; font-size: medium;\"> </span></p>\r\n<p><span style=\"font-family: arial;\"> </span></p>\r\n<p><span style=\"font-family: arial; font-size: medium;\"><br />it is your legal right to keep your social security number private, and use a separate number for any credit related purposes. you are only required by law to disclose your social security number to the internal revenue service, your employer, when registering a motor vehicle, buying a firearm, or applying and obtaining a federally-insured loan such as fha, sallie mae, etc. i encourage you to use the laws to your advantage. each credit bureau works on a different schedule.</span></p>\r\n<p><span style=\"font-family: arial;\"> </span></p>\r\n<p><span style=\"font-family: arial; font-size: medium;\"> </span></p>\r\n<p><span style=\"font-family: arial;\"> </span></p>\r\n<p><span style=\"font-family: arial; font-size: medium;\"><br />in addition, the cpn is used by celebrities, congress members/government workers, and witness protection reasons. for example, celebrities use it because the media can use their ss# to track what they are buying and where they are simply by tracking their credit cards. further, in example, congress holds special privileges to the law; therefore, their privacy needs to be protected. in another example, witnesses under protection can be located if they use their true social security number for transaction. this is the reason why there is the existence of a credit privacy number program.</span></p>', 'yes', '1', '2014-12-25 12:09:23', '1', '2014-12-25 12:09:23', '8');
INSERT INTO `content` VALUES ('28', 'services', '<div class=\"services\">\r\n<p>having negative mistakes on your credit report can affect your financial future for years to come. that&rsquo;s why it&rsquo;s very important to stay up date with your credit report.\r\nat once again credit, we understand that every person&rsquo;s credit situation is unique and depending on your credit report, we will inform you on which items we can dispute on your behalf. some items that we helped our client&rsquo;s dispute include but are not limited to the following:</p>\r\n</div>\r\n<div class=\"col-lg-3 col-sm-6\">\r\n<p>charge-off removal</p>\r\n<p>foreclosure removal</p>\r\n<p>repossession removal</p>\r\n<p>collection removal</p>\r\n</div>\r\n<div class=\"col-lg-3 col-sm-6\">\r\n<p>bankruptcy removal</p>\r\n<p>dispute status removal</p>\r\n<p>judgment removal</p>\r\n<p>foreclosure removal</p>\r\n</div>\r\n<div class=\"col-lg-3 col-sm-6\">\r\n<p>short sale removal</p>\r\n<p>tax lien removal</p>\r\n<p>late payment removal</p>\r\n<p>inquiry removal</p>\r\n</div>\r\n<div class=\"col-lg-3 col-sm-6\">\r\n<p>update personal information</p>\r\n<p>identity theft removal</p>\r\n<p>chex systems removal</p>\r\n<p>and much more</p>\r\n</div>\r\n<div class=\"container\">\r\n<div class=\"row\">\r\n<div class=\"row team-bar\">\r\n<div class=\"first-one-arrow hidden-xs\">\r\n<hr />\r\n</div>\r\n<div class=\"first-arrow hidden-xs\">\r\n<hr />\r\n<em class=\"fa fa-angle-up\"></em></div>\r\n<div class=\"second-arrow hidden-xs\">\r\n<hr />\r\n<em class=\"fa fa-angle-down\"></em></div>\r\n<div class=\"third-arrow hidden-xs\">\r\n<hr />\r\n<em class=\"fa fa-angle-up\"></em></div>\r\n<div class=\"fourth-arrow hidden-xs\">\r\n<hr />\r\n<em class=\"fa fa-angle-down\"></em></div>\r\n</div>\r\n<div class=\"col-lg-6\">\r\n<h4>our credit restoration services are right for you:</h4>\r\n<p>if you need to rebuild your credit</p>\r\n<p>if you want to purchase a home</p>\r\n<p>if you need to save money on auto and life insurance</p>\r\n<p>if you can&rsquo;t get approved for credit or loans</p>\r\n<p>if you need to improve your credit score</p>\r\n<p>whether you need to improve your credit score, or need errors removed from your credit report, once again credit can help. we understand that you don&rsquo;t have the time to dispute costly errors on your credit report. that&rsquo;s why we do all the hard work for you. simply send us your credit reports and we will take care of the rest.</p>\r\n</div>\r\n<div class=\"col-lg-6\">\r\n<h4>why choose us to help you with your credit restoration needs?</h4>\r\n<p>when it comes to choosing a credit restoration service, you want an experienced team with a proven track record of success. that&rsquo;s exactly what you will receive when you let our credit restoration team take care of all your credit restoration needs. many of our clients choose to work with us because:</p>\r\n<p>we understand the intricate details of fcra and fdcpa rules and how they affect you<br /> we continue to educate ourselves on the new regulations and laws affecting your credit<br /> we work tirelessly to help you secure a better financial future<br /> we will remove inaccurate, unverifiable and incomplete information from your credit report.<br /> call us now at 1-800-730-3087 to prepare for a better financial future today!</p>\r\n</div>\r\n</div>\r\n<div class=\"row team-bar\">\r\n<div class=\"first-one-arrow hidden-xs\">\r\n<hr />\r\n</div>\r\n<div class=\"first-arrow hidden-xs\">\r\n<hr />\r\n<em class=\"fa fa-angle-up\"></em></div>\r\n<div class=\"second-arrow hidden-xs\">\r\n<hr />\r\n<em class=\"fa fa-angle-down\"></em></div>\r\n<div class=\"third-arrow hidden-xs\">\r\n<hr />\r\n<em class=\"fa fa-angle-up\"></em></div>\r\n<div class=\"fourth-arrow hidden-xs\">\r\n<hr />\r\n<em class=\"fa fa-angle-down\"></em></div>\r\n</div>\r\n</div>\r\n<div class=\"container\">\r\n<div class=\"row\">\r\n<div class=\"col-lg-6\">\r\n<h4>discover why many of our clients choose our credit restoration services.</h4>\r\n<p>at once again credit, we understand that improving your credit is a step by step process. depending on your unique situation, it can take 45 days to a few months to fix errors on your credit report. if you are serious about fixing your credit, give us a call today. many of our clients have experienced the following after working with us, and we can help you to:</p>\r\n<p>build and maintain a good credit score<br /> qualify for loans<br /> feel secure about your financial future</p>\r\n</div>\r\n<div class=\"col-lg-6\">\r\n<h4>schedule a free consultation with one of our credit restoration specialists today!</h4>\r\n<p>whether you are improving your credit, or fixing errors on your credit report, once again credit is here to help you every step of the way. we make it simple for you. just send us your credit report (s) and we will take care of the rest.</p>\r\n<p>call us now at 1-800-730-3087 to learn more about how our credit restoration specialists can help you improve your credit score today</p>\r\n</div>\r\n</div>\r\n</div>', 'yes', '1', '2014-12-31 13:51:51', '1', '2014-12-31 13:51:51', '3');
INSERT INTO `content` VALUES ('29', 'how it works', '<p>american cpn uses ground breaking credit strategies to empower our clients. we give our clients the tools and the resources to greatly improve their credit and their lives. weather you own a large corporation or you are a housewife our experienced staff will guide you through business or personal credit strategies tailored to your personal financial goals. our services don\'t stop when you place an order. as a client you are entitled to lifetime consulting. no other credit repair company offers this.<br /><br />when we obtain a cpn for you we also register your name as a small business (for additional fee) with the irs and send you your new ein along with your cpn. you will then receive an official letter from the irs confirming this. all you have to do is register your name as your business by filling it as a dba with your state. this is how the celebrities and the wealthy use cpn\'s to protect their privacy. this is the only legal way to have a cpn. don&rsquo;t be fooled by people and companies on the internet selling cpn\'s for little or nothing. you get what you pay for and you might get more than what you bargained for. do it the right way.<br /><br />call us today to legally set up your new cpn.</p>', 'yes', '1', '2014-12-25 10:40:30', '1', '2014-12-25 10:40:30', '4');
INSERT INTO `content` VALUES ('30', 'business opportunity', '<p><span style=\"color: #333333; font-family: arial, helvetica, sans-serif; font-size: medium;\">for years, we have assisted hundreds of consumers to not only repair or delete erroneous information from their credit reports, but also to rebuild their credit, providing legal alternatives to increase their fico scores. credit repair is legal, it is the law!</span></p>\r\n<p><span style=\"color: #333333; font-family: arial, helvetica, sans-serif; font-size: 17px;\">our extensive experience in the credit repair field allows us to consistently increase our knowledge about credit repair strategies. we use this knowledge to dispute issues on our clients\' credit reports with a high level of success in the first attempt. our credit repair process includes the generation of \"unique dispute letters\", revised individually, which translates into better results from the first round of disputes.</span></p>\r\n<p><span style=\"font-size: x-small;\"><span style=\"font-size: x-small;\"><span style=\"font-size: small;\"> our highest level of credit repair service includes: </span></span></span></p>\r\n<ul class=\"repair_services\" style=\"float: left;\">\r\n<li style=\"list-style: none; float: none !important; margin: 0px 0px 10px; padding-left: 50px; background-image: url(http://onceagaincredit.cyberneticstechnology.com/images/liststyle.jpg) !important; background-attachment: scroll !important; background-color: transparent !important; background-position: 0px 0px !important; background-repeat: no-repeat no-repeat !important;\"><span style=\"font-size: x-small;\"><span style=\"font-size: x-small;\"><span style=\"font-size: small;\">ensuring that information in their credit reports is accurate.</span></span></span></li>\r\n<li style=\"list-style: none; float: none !important; margin: 0px 0px 10px; padding-left: 50px; background-image: url(http://onceagaincredit.cyberneticstechnology.com/images/liststyle.jpg) !important; background-attachment: scroll !important; background-color: transparent !important; background-position: 0px 0px !important; background-repeat: no-repeat no-repeat !important;\"><span style=\"font-size: x-small;\"><span style=\"font-size: x-small;\"><span style=\"font-size: small;\">disputing erroneous items with the credit reporting agencies.</span></span></span></li>\r\n<li style=\"list-style: none; float: none !important; margin: 0px 0px 10px; padding-left: 50px; background-image: url(http://onceagaincredit.cyberneticstechnology.com/images/liststyle.jpg) !important; background-attachment: scroll !important; background-color: transparent !important; background-position: 0px 0px !important; background-repeat: no-repeat no-repeat !important;\"><span style=\"font-size: x-small;\"><span style=\"font-size: x-small;\"><span style=\"font-size: small;\">developing a spending plan to lower debt and raise credit score.</span></span></span></li>\r\n<li style=\"list-style: none; float: none !important; margin: 0px 0px 10px; padding-left: 50px; background-image: url(http://onceagaincredit.cyberneticstechnology.com/images/liststyle.jpg) !important; background-attachment: scroll !important; background-color: transparent !important; background-position: 0px 0px !important; background-repeat: no-repeat no-repeat !important;\"><span style=\"font-size: x-small;\"><span style=\"font-size: x-small;\"><span style=\"font-size: small;\">providing educational material that teaches you how to maintain a healthier credit score.</span></span></span></li>\r\n<li style=\"list-style: none; float: none !important; margin: 0px 0px 10px; padding-left: 50px; background-image: url(http://onceagaincredit.cyberneticstechnology.com/images/liststyle.jpg) !important; background-attachment: scroll !important; background-color: transparent !important; background-position: 0px 0px !important; background-repeat: no-repeat no-repeat !important;\"><span style=\"font-size: x-small;\"><span style=\"font-size: x-small;\"><span style=\"font-size: small;\">if necessary, looking for new trade lines to increase your credit score (not included in the basic credit repair package).</span></span></span></li>\r\n<li style=\"list-style: none; float: none !important; margin: 0px 0px 10px; padding-left: 50px; background-image: url(http://onceagaincredit.cyberneticstechnology.com/images/liststyle.jpg) !important; background-attachment: scroll !important; background-color: transparent !important; background-position: 0px 0px !important; background-repeat: no-repeat no-repeat !important;\"><span style=\"font-size: x-small;\"><span style=\"font-size: x-small;\"><span style=\"font-size: small;\">if necessary, request a rapid re-scoring of your fico score.</span></span></span></li>\r\n</ul>\r\n<p><span style=\"font-size: x-small;\"><span style=\"font-size: small;\">add trade lines to your credit report to increase your fico score.\r\nif you need to increase your debt to income ratio (dti), we can also work on \"trade lines\". the goal is to provide your with the credit accounts required to boost your credit score, regardless of your credit history (the price of this service is not included in our basic credit repair service).</span></span></p>\r\n<p>&nbsp;</p>\r\n<p>&nbsp;</p>\r\n<p>&nbsp;</p>', 'yes', '11', '2014-08-19 16:43:24', '11', '2014-08-19 16:43:24', '3');
INSERT INTO `content` VALUES ('31', 'branch partner', '<p><br /><br />welcome to our branch parnter program. we offer different business opportunities for anyone whom may be interested in starting their own referrer. affiliate, broker, or \"whatever name you choose to call it\" cpn program.<br /><br /></p>', 'yes', '1', '2014-12-25 10:41:09', '1', '2014-12-25 10:41:09', '4');
INSERT INTO `content` VALUES ('32', 'testimonials', '<p>we understand that every credit situation is different. that is why we believe in creating a customized game plan specifically with your credit goals in mind. rest assured we employ the fastest, most effective approach to credit repair ? it\'s nice to know you can expect progress every month.</p>', 'yes', '1', '2014-12-31 14:44:27', '1', '2014-12-31 14:44:27', '3');
INSERT INTO `content` VALUES ('33', 'sign up', '<p>please sign up into our account with the following form:</p>', 'yes', '11', '2014-08-19 16:40:15', '11', '2014-08-19 16:40:15', '0');
INSERT INTO `content` VALUES ('34', 'legal cpn', '<p>presently, federal law allows the ability for someone to legally use a private id # for financial reporting purposes instead of a social security number. title 5, section 7 of publication law 93-579 of government organization and employees act:<br /><br />(a) (1) it shall be unlawful for any federal, state or local government ?agency to deny any individual any right, benefit, or privilege provided by ?law because of such individual\'s refusal to disclose his or her social ?security account number.<br /><br />the law states that no federal, state, or local government agency may deny you any right, privilege or benefit due to your refusal to provide your ss # for any other reason than producing money for retirement account with the social security administration, the irs and your employer today. credit bureaus are not legally allowed to \"require\" your social security number. in our country\'s present credit reporting system a person may be assumed guilty and then must expend a great deal of time and resources to prove his or her innocence. additionally, once a negative item is in a credit file it may remain long past the 7 year time period most people believe is used. additionally, a misreported item can show up in a credit report multiple times.<br /><br />when it comes to credit, banking and loans, there are two things you must know. the first relates to the law pertaining to the usage of your social security number as an identification tool. the second, credit bureaus are private companies and are not affiliated with the government in any way, whatsoever. although, the credit bureaus would like you to think otherwise.<br />what all this means is federal law protects those who do not wish to disclose their personal information (ss#) except when required to do so. all that to say: instead of a social security number, with the right planning, you now have the opportunity to establish a credit privacy number (cpn), as it is your right to have one.<br /><br /><br />call today to get your second chance!</p>', 'yes', '1', '2014-12-25 10:39:46', '1', '2014-12-25 10:39:46', '6');

-- ----------------------------
-- Table structure for `coupons`
-- ----------------------------
DROP TABLE IF EXISTS `coupons`;
CREATE TABLE `coupons` (
  `id` int(11) NOT NULL AUTO_INCREMENT,
  `code` varchar(10) NOT NULL,
  `percentage` double DEFAULT NULL,
  `amount` double DEFAULT NULL,
  PRIMARY KEY (`id`)
) ENGINE=InnoDB DEFAULT CHARSET=latin1;

-- ----------------------------
-- Records of coupons
-- ----------------------------

-- ----------------------------
-- Table structure for `credit_card`
-- ----------------------------
DROP TABLE IF EXISTS `credit_card`;
CREATE TABLE `credit_card` (
  `id` int(11) NOT NULL AUTO_INCREMENT,
  `user_id` int(11) DEFAULT NULL,
  `number` varchar(10) DEFAULT NULL,
  `expiry` varchar(10) DEFAULT NULL,
  `cvc` varchar(4) DEFAULT NULL,
  PRIMARY KEY (`id`),
  UNIQUE KEY `user_id` (`user_id`,`number`) USING BTREE,
  CONSTRAINT `credit_card_ibfk_1` FOREIGN KEY (`user_id`) REFERENCES `user` (`id`)
) ENGINE=InnoDB DEFAULT CHARSET=latin1;

-- ----------------------------
-- Records of credit_card
-- ----------------------------

-- ----------------------------
-- Table structure for `credit_score`
-- ----------------------------
DROP TABLE IF EXISTS `credit_score`;
CREATE TABLE `credit_score` (
  `id` int(11) NOT NULL AUTO_INCREMENT,
  `user_id` int(11) DEFAULT NULL,
  `monitoring_service_id` int(11) DEFAULT NULL,
  `equifax` int(11) DEFAULT NULL,
  `transunion` int(11) DEFAULT NULL,
  `experion` int(11) DEFAULT NULL,
  `updated_date` timestamp NULL DEFAULT NULL,
  PRIMARY KEY (`id`),
  UNIQUE KEY `user_id` (`user_id`,`equifax`,`transunion`,`experion`) USING BTREE,
  KEY `monitoring_service_id` (`monitoring_service_id`) USING BTREE,
  CONSTRAINT `credit_score_ibfk_1` FOREIGN KEY (`user_id`) REFERENCES `user` (`id`),
  CONSTRAINT `credit_score_ibfk_2` FOREIGN KEY (`monitoring_service_id`) REFERENCES `monitoring_service` (`id`)
) ENGINE=InnoDB DEFAULT CHARSET=latin1;

-- ----------------------------
-- Records of credit_score
-- ----------------------------

-- ----------------------------
-- Table structure for `credit_status`
-- ----------------------------
DROP TABLE IF EXISTS `credit_status`;
CREATE TABLE `credit_status` (
  `id` int(11) NOT NULL AUTO_INCREMENT,
  `monitoring_service_id` int(11) DEFAULT NULL,
  `user_id` int(11) NOT NULL,
  `experian` int(3) DEFAULT NULL,
  `equifax` int(3) DEFAULT NULL,
  `transunion` int(3) DEFAULT NULL,
  `date` timestamp NULL DEFAULT NULL,
  `file` varchar(100) DEFAULT NULL,
  PRIMARY KEY (`id`),
  KEY `monitoring_service_id` (`monitoring_service_id`) USING BTREE,
  KEY `user_id` (`user_id`) USING BTREE,
  CONSTRAINT `credit_status_ibfk_1` FOREIGN KEY (`monitoring_service_id`) REFERENCES `monitoring_service` (`id`),
  CONSTRAINT `credit_status_ibfk_2` FOREIGN KEY (`user_id`) REFERENCES `user` (`id`)
) ENGINE=InnoDB AUTO_INCREMENT=6 DEFAULT CHARSET=latin1;

-- ----------------------------
-- Records of credit_status
-- ----------------------------
INSERT INTO `credit_status` VALUES ('1', '1', '1', '1', '2', '3', '2015-11-11 00:00:00', '202583cf6b776552cb329da7ab7457a8.pdf');
INSERT INTO `credit_status` VALUES ('2', '2', '1', '11', '22', '33', '2015-11-19 00:00:00', null);
INSERT INTO `credit_status` VALUES ('3', '1', '2', '1', '1', '1', '2015-11-18 00:00:00', '294e789f3b72dde59db56464b5a4c28c.pdf');
INSERT INTO `credit_status` VALUES ('4', '2', '2', '4', '3', '5', '2015-11-26 00:00:00', null);
INSERT INTO `credit_status` VALUES ('5', '2', '2', '3', '4', '2', '2015-11-21 00:00:00', '8b397a167281ead856e4cefa0a00bef8.pdf');

-- ----------------------------
-- Table structure for `emails`
-- ----------------------------
DROP TABLE IF EXISTS `emails`;
CREATE TABLE `emails` (
  `id` int(11) NOT NULL AUTO_INCREMENT,
  `subject` longtext NOT NULL,
  `msg` longtext NOT NULL,
  `date` date NOT NULL,
  `send_status` char(8) NOT NULL,
  `user_id` int(11) NOT NULL,
  PRIMARY KEY (`id`)
) ENGINE=InnoDB DEFAULT CHARSET=latin1;

-- ----------------------------
-- Records of emails
-- ----------------------------

-- ----------------------------
-- Table structure for `emails_receiver`
-- ----------------------------
DROP TABLE IF EXISTS `emails_receiver`;
CREATE TABLE `emails_receiver` (
  `email_id` int(11) NOT NULL,
  `receiver_id` int(11) NOT NULL,
  `display` char(7) NOT NULL DEFAULT 'unseen',
  `is_delete` enum('NO','YES') NOT NULL DEFAULT 'NO',
  `sender_is_delete` enum('NO','YES') NOT NULL DEFAULT 'NO',
  `receiver_is_delete` enum('NO','YES') NOT NULL DEFAULT 'NO',
  `trash_is_delete` enum('NO','YES') NOT NULL DEFAULT 'NO',
  `sender_id` int(11) NOT NULL,
  `receiver_name` varchar(50) NOT NULL,
  `senderEmail` varchar(50) NOT NULL
) ENGINE=InnoDB DEFAULT CHARSET=latin1;

-- ----------------------------
-- Records of emails_receiver
-- ----------------------------

-- ----------------------------
-- Table structure for `employment`
-- ----------------------------
DROP TABLE IF EXISTS `employment`;
CREATE TABLE `employment` (
  `id` int(10) NOT NULL AUTO_INCREMENT,
  `user_id` int(11) NOT NULL,
  `company` varchar(100) DEFAULT NULL,
  `position` varchar(50) NOT NULL,
  `salary` varchar(10) NOT NULL,
  `phone_employment` varchar(50) DEFAULT NULL,
  `months` int(10) DEFAULT NULL,
  `years` int(10) DEFAULT NULL,
  `city_employment` varchar(50) DEFAULT NULL,
  `street_employment` varchar(50) DEFAULT NULL,
  `zip_employment` varchar(50) DEFAULT NULL,
  `web_address` varchar(50) DEFAULT NULL,
  `comment_employment` text,
  PRIMARY KEY (`id`),
  KEY `user_id` (`user_id`) USING BTREE,
  CONSTRAINT `employment_ibfk_1` FOREIGN KEY (`user_id`) REFERENCES `user` (`id`)
) ENGINE=InnoDB DEFAULT CHARSET=latin1;

-- ----------------------------
-- Records of employment
-- ----------------------------

-- ----------------------------
-- Table structure for `faq`
-- ----------------------------
DROP TABLE IF EXISTS `faq`;
CREATE TABLE `faq` (
  `faq_id` int(11) NOT NULL AUTO_INCREMENT,
  `faq_question` varchar(250) NOT NULL,
  `faq_answer` text NOT NULL,
  `sequence` int(11) DEFAULT NULL,
  PRIMARY KEY (`faq_id`)
) ENGINE=InnoDB DEFAULT CHARSET=latin1;

-- ----------------------------
-- Records of faq
-- ----------------------------

-- ----------------------------
-- Table structure for `files`
-- ----------------------------
DROP TABLE IF EXISTS `files`;
CREATE TABLE `files` (
  `id` int(10) unsigned NOT NULL AUTO_INCREMENT,
  `module` enum('pdf','monthly_tips','fund','what_are_tradelines','tradeline_benefits') NOT NULL,
  `name` varchar(60) NOT NULL,
  `description` varchar(20000) NOT NULL,
  `value` date DEFAULT NULL,
  `file` varchar(100) NOT NULL,
  `file_type` enum('application/pdf') NOT NULL DEFAULT 'application/pdf',
  `file_size` int(10) unsigned DEFAULT NULL,
  `sub_module` enum('cpn','financial','real_estate','credit_repair','business_credit') DEFAULT NULL,
  `sub_type` enum('owner','client','broker') DEFAULT NULL,
  `short_name` varchar(20) NOT NULL,
  PRIMARY KEY (`id`),
  UNIQUE KEY `name` (`name`,`module`,`sub_module`) USING BTREE,
  UNIQUE KEY `value` (`value`,`module`,`sub_module`) USING BTREE
) ENGINE=InnoDB AUTO_INCREMENT=4 DEFAULT CHARSET=latin1;

-- ----------------------------
-- Records of files
-- ----------------------------
INSERT INTO `files` VALUES ('1', 'fund', 'Creditcard Funding', 'Creditcard Funding..', null, '', 'application/pdf', null, null, null, '0');
INSERT INTO `files` VALUES ('2', 'fund', 'Personal Funding', 'Personal Funding..', null, '', 'application/pdf', null, null, null, '0');
INSERT INTO `files` VALUES ('3', 'fund', 'Private Funding', 'Private Funding ..', null, '', 'application/pdf', null, null, null, '0');

-- ----------------------------
-- Table structure for `forum_answer`
-- ----------------------------
DROP TABLE IF EXISTS `forum_answer`;
CREATE TABLE `forum_answer` (
  `forum_ans_id` bigint(11) NOT NULL AUTO_INCREMENT,
  `answer` text NOT NULL,
  `answerer` int(11) NOT NULL,
  `answer_date` date NOT NULL,
  `forum_id` int(11) NOT NULL,
  PRIMARY KEY (`forum_ans_id`)
) ENGINE=InnoDB DEFAULT CHARSET=latin1;

-- ----------------------------
-- Records of forum_answer
-- ----------------------------

-- ----------------------------
-- Table structure for `forum_question`
-- ----------------------------
DROP TABLE IF EXISTS `forum_question`;
CREATE TABLE `forum_question` (
  `forum_id` bigint(11) NOT NULL AUTO_INCREMENT,
  `question` varchar(200) NOT NULL,
  `questioner` int(11) NOT NULL,
  `forum_date` date NOT NULL,
  `views` int(11) NOT NULL,
  `question_detail` text NOT NULL,
  PRIMARY KEY (`forum_id`)
) ENGINE=InnoDB DEFAULT CHARSET=latin1;

-- ----------------------------
-- Records of forum_question
-- ----------------------------

-- ----------------------------
-- Table structure for `homepage_slider`
-- ----------------------------
DROP TABLE IF EXISTS `homepage_slider`;
CREATE TABLE `homepage_slider` (
  `slider_id` int(11) NOT NULL AUTO_INCREMENT,
  `slider_name` varchar(255) DEFAULT NULL,
  `path` varchar(255) NOT NULL,
  `mimage` varchar(200) NOT NULL,
  `rimage` varchar(200) NOT NULL,
  `description` longtext,
  `slider_index` int(11) DEFAULT NULL,
  `publish` enum('yes','NO') NOT NULL,
  `crtd_by` varchar(50) NOT NULL,
  `crtd_dt` date NOT NULL,
  `updt_by` varchar(50) NOT NULL,
  `updt_dt` date NOT NULL,
  `updt_cnt` int(11) NOT NULL,
  PRIMARY KEY (`slider_id`)
) ENGINE=InnoDB AUTO_INCREMENT=41 DEFAULT CHARSET=latin1;

-- ----------------------------
-- Records of homepage_slider
-- ----------------------------
INSERT INTO `homepage_slider` VALUES ('30', null, '2d113aa43729462b23e4d60e51e59c00.jpg', '69795429ade83f9bdc7fd4fb8890c685.png', 'd856b58cd4a5da57c7de9ddfcc0554b4.png', '<p>&nbsp;</p>\r\n<p><span style=\"color: #3366ff; font-size: x-large;\">never let go of your</span></p>\r\n<p><span style=\"font-family: \'comic sans ms\'; font-size: xx-large;\"><span style=\"font-size: xx-large;\"><span style=\"font-size: xx-large;\"><span style=\"font-size: xx-large;\"><span style=\"font-size: xx-large;\"><span style=\"color: #3366ff;\"><span style=\"font-size: xx-large;\">dreams</span></span></span></span></span></span></span></p>\r\n<p><span style=\"font-size: xx-small;\"><span style=\"font-size: x-small;\"><span style=\"font-size: large;\"><span style=\"color: #3366ff;\">fight to bring your dream to life</span></span></span></span></p>', '2', 'yes', '1', '2015-01-01', '', '2015-01-01', '16');
INSERT INTO `homepage_slider` VALUES ('33', null, 'a276cbc8081125b1d3634854ca55a84e.jpg', '66275690152f0da7ec66328c6dcf4126.png', '44e0b69261ef5037f6406aaee5eca7b6.png', '<p><span style=\"color: #ff00ff; font-size: xx-large;\"><span style=\"color: #3366ff;\">happiness and joy to your family</span></span></p>', '5', 'yes', '1', '2014-12-31', '', '2014-12-31', '4');
INSERT INTO `homepage_slider` VALUES ('34', null, 'abf4f82fd932c55a8421ad36d220a4e9.jpg', '95d898becdee20d0fa5ac3216cd7158a.png', '3254477902b9cf7c4dc619f681b0b294.png', '<p><span style=\"font-size: xx-large;\"><span style=\"color: #3366ff;\">start saying yes</span></span></p>', '6', 'yes', '1', '2015-01-01', '', '2015-01-01', '10');
INSERT INTO `homepage_slider` VALUES ('37', null, '3e0a73e5fd92d82076b7c13552adec1e.jpg', 'acdc5cf053f275cc0536cd282facaa98.png', '05a0a6c86df87c89ae982034e269acc3.png', '<p><span style=\"color: #ff0000; font-size: xx-large;\"><span style=\"color: #3366ff;\">we set your dreams in our eyes&nbsp;</span></span></p>', '9', 'yes', '1', '2014-12-31', '', '2014-12-31', '3');
INSERT INTO `homepage_slider` VALUES ('38', null, 'b115205fb7ffe905ad7d6c129eb59231.jpg', '66213cb3803a575781876607482ee51b.png', 'd83eda859c83b827d3bc1f0002f6a60d.png', '<p><span style=\"color: #ffff00; font-size: xx-large;\"><span style=\"color: #3366ff;\">start dreaming</span></span></p>\r\n<p><span style=\"font-size: xx-large;\"><span style=\"color: #ff0000;\"><span style=\"color: #3366ff;\">it really works</span></span></span></p>', '10', 'yes', '1', '2015-01-01', '', '2015-01-01', '4');
INSERT INTO `homepage_slider` VALUES ('39', null, '7943be6cfac5f5a0f8a1ea0c43560e29.jpg', '287e43715f989a4286a91d1883cc926e.png', 'cb43c8cd82a3040d688bade136a2eb27.png', '<p><span style=\"font-size: xx-large;\"><span style=\"color: #3366ff;\">choose for the right option</span></span></p>', '11', 'yes', '1', '2015-01-01', '', '2015-01-01', '3');
INSERT INTO `homepage_slider` VALUES ('40', null, 'baaf1682e960d65ea94cbada9c408292.jpg', '2f38637db60def03080a30759810d4c4.jpg', 'ad028010ccd474cf7296a7146aa6672a.png', '<p><span style=\"color: #3366ff; font-size: xx-large;\">we make it happen and we are with you</span></p>', '12', 'yes', '1', '2015-01-01', '', '2015-01-01', '1');

-- ----------------------------
-- Table structure for `identity_theft`
-- ----------------------------
DROP TABLE IF EXISTS `identity_theft`;
CREATE TABLE `identity_theft` (
  `id` int(11) NOT NULL AUTO_INCREMENT,
  `subject` text,
  `description` longtext NOT NULL,
  PRIMARY KEY (`id`),
  KEY `id` (`id`) USING BTREE
) ENGINE=InnoDB DEFAULT CHARSET=latin1;

-- ----------------------------
-- Records of identity_theft
-- ----------------------------

-- ----------------------------
-- Table structure for `invoice`
-- ----------------------------
DROP TABLE IF EXISTS `invoice`;
CREATE TABLE `invoice` (
  `id` int(11) NOT NULL DEFAULT '0',
  `amount` double DEFAULT NULL,
  `due_date` timestamp NULL DEFAULT NULL,
  `previous_balance` double DEFAULT NULL,
  PRIMARY KEY (`id`)
) ENGINE=InnoDB DEFAULT CHARSET=latin1;

-- ----------------------------
-- Records of invoice
-- ----------------------------

-- ----------------------------
-- Table structure for `line`
-- ----------------------------
DROP TABLE IF EXISTS `line`;
CREATE TABLE `line` (
  `id` int(11) NOT NULL AUTO_INCREMENT,
  `user_id` int(11) NOT NULL,
  `type_id` int(11) DEFAULT NULL,
  `lmt` int(10) DEFAULT NULL,
  `balance` int(10) DEFAULT NULL,
  `open` varchar(4) DEFAULT NULL,
  `statement` varchar(2) DEFAULT NULL,
  `price` double DEFAULT NULL,
  `broker_price` double DEFAULT NULL,
  `client_broker_price` double DEFAULT NULL,
  `payment` varchar(10) DEFAULT NULL,
  `max` int(3) DEFAULT '1',
  `used` int(3) DEFAULT '0',
  `status` tinyint(1) DEFAULT NULL,
  `note` varchar(50) DEFAULT NULL,
  PRIMARY KEY (`id`),
  KEY `line_user_userId` (`user_id`) USING BTREE,
  KEY `line_lineType_typeId` (`type_id`) USING BTREE,
  KEY `price_id` (`price`) USING BTREE,
  KEY `broker_price_id` (`broker_price`) USING BTREE,
  CONSTRAINT `line_ibfk_1` FOREIGN KEY (`user_id`) REFERENCES `user` (`id`),
  CONSTRAINT `line_ibfk_2` FOREIGN KEY (`type_id`) REFERENCES `line_type` (`id`)
) ENGINE=InnoDB DEFAULT CHARSET=latin1;

-- ----------------------------
-- Records of line
-- ----------------------------

-- ----------------------------
-- Table structure for `line_client`
-- ----------------------------
DROP TABLE IF EXISTS `line_client`;
CREATE TABLE `line_client` (
  `id` int(11) NOT NULL AUTO_INCREMENT,
  `line_id` int(11) NOT NULL,
  `client_id` int(11) NOT NULL,
  `requested` date DEFAULT NULL,
  `added` date DEFAULT NULL,
  `verified_owner` date DEFAULT NULL,
  `verified_broker` date DEFAULT NULL,
  `removed` date DEFAULT NULL,
  `disqualified` date DEFAULT NULL,
  `reason` varchar(100) DEFAULT NULL,
  `status` enum('active','inactive') DEFAULT 'inactive',
  `owner_price` double NOT NULL,
  `owner_broker_price` double NOT NULL,
  `client_broker_price` double NOT NULL,
  `no_month` tinyint(2) NOT NULL,
  PRIMARY KEY (`id`),
  KEY `lineClient_line_lineId` (`line_id`) USING BTREE,
  KEY `lineClient_user_clientId` (`client_id`) USING BTREE,
  KEY `owner_price` (`owner_price`) USING BTREE,
  KEY `owner_broker_price` (`owner_broker_price`) USING BTREE,
  CONSTRAINT `line_client_ibfk_1` FOREIGN KEY (`line_id`) REFERENCES `line` (`id`),
  CONSTRAINT `line_client_ibfk_2` FOREIGN KEY (`client_id`) REFERENCES `user` (`id`),
  CONSTRAINT `line_client_ibfk_3` FOREIGN KEY (`owner_price`) REFERENCES `line` (`price`),
  CONSTRAINT `line_client_ibfk_4` FOREIGN KEY (`owner_broker_price`) REFERENCES `line` (`broker_price`)
) ENGINE=InnoDB DEFAULT CHARSET=latin1;

-- ----------------------------
-- Records of line_client
-- ----------------------------

-- ----------------------------
-- Table structure for `line_type`
-- ----------------------------
DROP TABLE IF EXISTS `line_type`;
CREATE TABLE `line_type` (
  `id` int(11) NOT NULL AUTO_INCREMENT,
  `type` varchar(50) DEFAULT NULL,
  `bank` varchar(50) DEFAULT NULL,
  `name` varchar(50) DEFAULT NULL,
  `phone` varchar(20) DEFAULT NULL,
  `site` varchar(100) DEFAULT NULL,
  PRIMARY KEY (`id`),
  UNIQUE KEY `type` (`type`,`bank`,`name`) USING BTREE
) ENGINE=InnoDB DEFAULT CHARSET=latin1;

-- ----------------------------
-- Records of line_type
-- ----------------------------

-- ----------------------------
-- Table structure for `membership`
-- ----------------------------
DROP TABLE IF EXISTS `membership`;
CREATE TABLE `membership` (
  `user_id` int(11) NOT NULL,
  `type` int(11) NOT NULL,
  `status` tinyint(1) NOT NULL,
  `start_date` timestamp NOT NULL DEFAULT CURRENT_TIMESTAMP,
  `end_date` timestamp NULL DEFAULT NULL,
  `campaign` int(11) DEFAULT NULL,
  `parent` int(11) DEFAULT NULL,
  `sys_admin_id` int(11) DEFAULT NULL,
  `token` int(11) DEFAULT NULL,
  PRIMARY KEY (`user_id`,`type`),
  KEY `type` (`type`) USING BTREE,
  KEY `campaign` (`campaign`) USING BTREE,
  KEY `parent` (`parent`) USING BTREE,
  CONSTRAINT `membership_ibfk_1` FOREIGN KEY (`user_id`) REFERENCES `user` (`id`),
  CONSTRAINT `membership_ibfk_2` FOREIGN KEY (`type`) REFERENCES `membership_type` (`id`),
  CONSTRAINT `membership_ibfk_3` FOREIGN KEY (`campaign`) REFERENCES `campaign` (`id`),
  CONSTRAINT `membership_ibfk_4` FOREIGN KEY (`parent`) REFERENCES `user` (`id`)
) ENGINE=InnoDB DEFAULT CHARSET=latin1;

-- ----------------------------
-- Records of membership
-- ----------------------------
INSERT INTO `membership` VALUES ('1', '2', '1', '2015-11-19 03:31:28', '2015-12-19 03:31:28', null, null, null, null);
INSERT INTO `membership` VALUES ('2', '3', '1', '2015-11-19 00:00:00', '2015-12-19 03:39:14', '12', null, null, null);
INSERT INTO `membership` VALUES ('4', '5', '1', '2015-11-19 00:00:00', '2015-12-19 07:07:06', '12', null, null, null);
INSERT INTO `membership` VALUES ('5', '2', '1', '2015-11-19 00:00:00', '2015-12-19 07:34:55', '13', '1', null, null);
INSERT INTO `membership` VALUES ('6', '11', '1', '2015-11-19 00:00:00', '2015-12-19 07:36:17', '13', null, null, null);
INSERT INTO `membership` VALUES ('7', '12', '1', '2015-11-19 00:00:00', '2015-12-19 07:37:02', '13', null, null, null);
INSERT INTO `membership` VALUES ('8', '13', '1', '2015-11-19 00:00:00', '2015-12-19 07:39:00', '14', null, null, null);
INSERT INTO `membership` VALUES ('9', '14', '1', '2015-11-19 00:00:00', '2015-12-19 07:39:45', '14', null, null, null);
INSERT INTO `membership` VALUES ('10', '15', '1', '2015-11-19 00:00:00', '2015-12-19 07:40:36', '14', null, null, null);

-- ----------------------------
-- Table structure for `membership_level`
-- ----------------------------
DROP TABLE IF EXISTS `membership_level`;
CREATE TABLE `membership_level` (
  `id` int(11) NOT NULL AUTO_INCREMENT,
  `name` enum('silver','gold','platinum') NOT NULL,
  `value` enum('Blue','Red','Platinum') NOT NULL,
  `status` tinyint(1) NOT NULL,
  PRIMARY KEY (`id`)
) ENGINE=InnoDB AUTO_INCREMENT=4 DEFAULT CHARSET=latin1;

-- ----------------------------
-- Records of membership_level
-- ----------------------------
INSERT INTO `membership_level` VALUES ('1', 'silver', 'Blue', '1');
INSERT INTO `membership_level` VALUES ('2', 'gold', 'Red', '1');
INSERT INTO `membership_level` VALUES ('3', 'platinum', 'Platinum', '1');

-- ----------------------------
-- Table structure for `membership_type`
-- ----------------------------
DROP TABLE IF EXISTS `membership_type`;
CREATE TABLE `membership_type` (
  `id` int(11) NOT NULL AUTO_INCREMENT,
  `role` int(11) NOT NULL,
  `level` int(11) NOT NULL,
  `price` double NOT NULL,
  `status` tinyint(1) NOT NULL,
  `system_users` int(11) DEFAULT NULL,
  `client_users` int(11) DEFAULT NULL,
  `broker_users` int(11) DEFAULT NULL,
  `owner_users` int(11) DEFAULT NULL,
  `prospect_users` int(11) DEFAULT NULL,
  PRIMARY KEY (`id`),
  KEY `level` (`level`) USING BTREE,
  KEY `role` (`role`) USING BTREE,
  CONSTRAINT `membership_type_ibfk_1` FOREIGN KEY (`level`) REFERENCES `membership_level` (`id`),
  CONSTRAINT `membership_type_ibfk_2` FOREIGN KEY (`role`) REFERENCES `role` (`id`)
) ENGINE=InnoDB AUTO_INCREMENT=16 DEFAULT CHARSET=latin1;

-- ----------------------------
-- Records of membership_type
-- ----------------------------
INSERT INTO `membership_type` VALUES ('2', '5', '1', '100', '1', null, null, null, null, null);
INSERT INTO `membership_type` VALUES ('3', '2', '1', '90', '1', null, null, null, null, null);
INSERT INTO `membership_type` VALUES ('4', '2', '2', '1100', '1', null, null, null, null, null);
INSERT INTO `membership_type` VALUES ('5', '2', '3', '1000', '1', null, null, null, null, null);
INSERT INTO `membership_type` VALUES ('11', '5', '2', '100', '1', null, null, null, null, null);
INSERT INTO `membership_type` VALUES ('12', '5', '3', '150', '1', '0', '0', '0', '0', '0');
INSERT INTO `membership_type` VALUES ('13', '3', '1', '80', '1', '0', '0', '0', '0', '0');
INSERT INTO `membership_type` VALUES ('14', '3', '2', '90', '1', '0', '0', '0', '0', '0');
INSERT INTO `membership_type` VALUES ('15', '3', '3', '100', '1', '0', '0', '0', '0', '0');

-- ----------------------------
-- Table structure for `member_module`
-- ----------------------------
DROP TABLE IF EXISTS `member_module`;
CREATE TABLE `member_module` (
  `id` int(11) NOT NULL AUTO_INCREMENT,
  `name` varchar(30) DEFAULT NULL,
  `description` text,
  PRIMARY KEY (`id`)
) ENGINE=InnoDB AUTO_INCREMENT=14 DEFAULT CHARSET=latin1;

-- ----------------------------
-- Records of member_module
-- ----------------------------
INSERT INTO `member_module` VALUES ('1', 'credit_status', 'credit_status');
INSERT INTO `member_module` VALUES ('2', 'marketplace', 'marketplace');
INSERT INTO `member_module` VALUES ('3', 'real_state', 'real_state');
INSERT INTO `member_module` VALUES ('4', 'vehicle_financing', 'vehicle_financing');
INSERT INTO `member_module` VALUES ('5', 'funding', 'funding');
INSERT INTO `member_module` VALUES ('6', 'monthly_tips', 'monthly_tips');
INSERT INTO `member_module` VALUES ('7', 'pdf_books', 'pdf_books');
INSERT INTO `member_module` VALUES ('8', 'business_credit', 'business_credit');
INSERT INTO `member_module` VALUES ('9', 'clients', 'clients');
INSERT INTO `member_module` VALUES ('10', 'brokers', 'brokers');
INSERT INTO `member_module` VALUES ('11', 'prospects', 'prospects');
INSERT INTO `member_module` VALUES ('12', 'financial_tools', 'financial_tools');
INSERT INTO `member_module` VALUES ('13', 'transactions', 'transactions');

-- ----------------------------
-- Table structure for `menu`
-- ----------------------------
DROP TABLE IF EXISTS `menu`;
CREATE TABLE `menu` (
  `id` int(11) NOT NULL AUTO_INCREMENT,
  `menu_name` varchar(150) DEFAULT NULL,
  `menu_type` enum('top-menu','main-menu','footer-menu','main-menu/footer-menu','top-menu/footer-menu') DEFAULT NULL,
  `status` enum('active','inactive') DEFAULT NULL,
  `menu_order` int(11) DEFAULT NULL,
  `crtd_dt` varchar(20) DEFAULT NULL,
  `crtd_by` int(11) DEFAULT NULL,
  `updt_dt` varchar(20) DEFAULT NULL,
  `updt_by` int(11) DEFAULT NULL,
  `content_id` int(11) DEFAULT NULL,
  `menu_parent` int(11) DEFAULT NULL,
  `menu_module` int(11) DEFAULT NULL,
  PRIMARY KEY (`id`)
) ENGINE=InnoDB AUTO_INCREMENT=20 DEFAULT CHARSET=latin1;

-- ----------------------------
-- Records of menu
-- ----------------------------
INSERT INTO `menu` VALUES ('6', 'Web Developing', 'top-menu', 'active', '5', '2014-06-06', '1', '2014-06-06', '1', '25', '4', '1');
INSERT INTO `menu` VALUES ('9', 'home', 'main-menu/footer-menu', 'active', '8', '2014-08-19 11:25:21', '11', '2014-12-26 09:14:52', '1', '26', '0', '4');
INSERT INTO `menu` VALUES ('10', 'Legal Cpn', 'main-menu/footer-menu', 'active', '9', '2014-08-19 12:47:24', '11', '2014-08-19 16:41:17', '11', '34', '0', '1');
INSERT INTO `menu` VALUES ('11', 'How it works', 'main-menu/footer-menu', 'active', '10', '2014-08-19 12:47:47', '11', '2014-08-19 16:34:24', '11', '29', '0', '1');
INSERT INTO `menu` VALUES ('12', 'FAQ', 'main-menu/footer-menu', 'active', '11', '2014-08-19 12:48:05', '11', '2014-12-24 15:59:17', '11', '28', '0', '6');
INSERT INTO `menu` VALUES ('13', 'Services', 'main-menu/footer-menu', 'active', '12', '2014-08-19 12:48:23', '11', '2014-12-24 16:00:25', '11', '28', '0', '1');
INSERT INTO `menu` VALUES ('14', 'Contact Us', 'main-menu/footer-menu', 'active', '13', '2014-08-19 12:48:41', '11', '2014-08-19 13:54:27', '11', '25', '0', '3');
INSERT INTO `menu` VALUES ('15', 'Branch Partner', 'footer-menu', 'active', '15', '2014-08-19 12:49:02', '11', '2014-09-05 14:46:26', '1', '31', '0', '1');
INSERT INTO `menu` VALUES ('16', 'Business Opportunity', 'footer-menu', 'active', '16', '2014-08-19 12:49:19', '11', '2014-09-05 14:46:36', '1', '30', '0', '1');
INSERT INTO `menu` VALUES ('17', 'Testimonials', 'footer-menu', 'active', '17', '2014-08-19 12:49:37', '11', '2014-09-10 16:26:05', '1', '32', '0', '1');
INSERT INTO `menu` VALUES ('18', 'Sign Up', 'main-menu/footer-menu', 'inactive', '14', '2014-08-19 12:49:52', '11', '2014-09-11 15:56:40', '11', '33', '0', '5');
INSERT INTO `menu` VALUES ('19', 'Forum', 'main-menu/footer-menu', 'active', '18', '2014-12-25 16:32:37', '11', '2014-12-26 09:35:20', '1', '26', '0', '7');

-- ----------------------------
-- Table structure for `module`
-- ----------------------------
DROP TABLE IF EXISTS `module`;
CREATE TABLE `module` (
  `id` int(11) NOT NULL AUTO_INCREMENT,
  `module_name` varchar(100) NOT NULL,
  `module_controller` varchar(100) NOT NULL,
  PRIMARY KEY (`id`)
) ENGINE=InnoDB AUTO_INCREMENT=8 DEFAULT CHARSET=latin1;

-- ----------------------------
-- Records of module
-- ----------------------------
INSERT INTO `module` VALUES ('1', 'content', 'content');
INSERT INTO `module` VALUES ('3', 'contact', 'contact');
INSERT INTO `module` VALUES ('4', 'home', 'home');
INSERT INTO `module` VALUES ('5', 'register', 'register');
INSERT INTO `module` VALUES ('6', 'faq', 'faq');
INSERT INTO `module` VALUES ('7', 'forum', 'forum');

-- ----------------------------
-- Table structure for `module_fees`
-- ----------------------------
DROP TABLE IF EXISTS `module_fees`;
CREATE TABLE `module_fees` (
  `module_id` int(11) DEFAULT NULL,
  `fees` double DEFAULT NULL,
  UNIQUE KEY `module_id` (`module_id`,`fees`) USING BTREE
) ENGINE=InnoDB DEFAULT CHARSET=latin1;

-- ----------------------------
-- Records of module_fees
-- ----------------------------

-- ----------------------------
-- Table structure for `module_registration`
-- ----------------------------
DROP TABLE IF EXISTS `module_registration`;
CREATE TABLE `module_registration` (
  `user_id` int(11) NOT NULL DEFAULT '0',
  `module_id` int(11) NOT NULL DEFAULT '0',
  `fees` double DEFAULT NULL,
  PRIMARY KEY (`user_id`,`module_id`),
  CONSTRAINT `module_registration_ibfk_1` FOREIGN KEY (`user_id`) REFERENCES `user` (`id`)
) ENGINE=InnoDB DEFAULT CHARSET=latin1;

-- ----------------------------
-- Records of module_registration
-- ----------------------------

-- ----------------------------
-- Table structure for `monitoring_service`
-- ----------------------------
DROP TABLE IF EXISTS `monitoring_service`;
CREATE TABLE `monitoring_service` (
  `id` int(11) NOT NULL AUTO_INCREMENT,
  `name` varchar(50) DEFAULT NULL,
  `url` varchar(200) DEFAULT NULL,
  `site_image` varchar(200) DEFAULT NULL,
  PRIMARY KEY (`id`),
  UNIQUE KEY `name` (`name`) USING BTREE
) ENGINE=InnoDB AUTO_INCREMENT=3 DEFAULT CHARSET=latin1;

-- ----------------------------
-- Records of monitoring_service
-- ----------------------------
INSERT INTO `monitoring_service` VALUES ('1', 'test2', 'tee', null);
INSERT INTO `monitoring_service` VALUES ('2', 'test3', null, null);

-- ----------------------------
-- Table structure for `newsletter`
-- ----------------------------
DROP TABLE IF EXISTS `newsletter`;
CREATE TABLE `newsletter` (
  `id` int(11) NOT NULL AUTO_INCREMENT,
  `subscriber_id` int(11) DEFAULT NULL,
  `newsletter_id` int(11) NOT NULL,
  `status` enum('send','unsend') NOT NULL DEFAULT 'unsend',
  `subject` text NOT NULL,
  `sent_date` date NOT NULL,
  `user_id` int(11) DEFAULT NULL,
  PRIMARY KEY (`id`)
) ENGINE=InnoDB DEFAULT CHARSET=latin1;

-- ----------------------------
-- Records of newsletter
-- ----------------------------

-- ----------------------------
-- Table structure for `newsletter_template`
-- ----------------------------
DROP TABLE IF EXISTS `newsletter_template`;
CREATE TABLE `newsletter_template` (
  `id` int(11) NOT NULL AUTO_INCREMENT,
  `title` varchar(200) DEFAULT NULL,
  `code` longtext,
  `campaign_id` int(11) DEFAULT NULL,
  `template_subfolder` varchar(50) DEFAULT NULL,
  `short_code` varchar(30) NOT NULL,
  `template_type` enum('newsletter','welcome') NOT NULL DEFAULT 'newsletter',
  `status` tinyint(1) NOT NULL DEFAULT '1',
  `updated_date` varchar(20) NOT NULL,
  `created_date` varchar(20) DEFAULT NULL,
  PRIMARY KEY (`id`),
  UNIQUE KEY `title` (`title`) USING BTREE,
  KEY `campaign_id` (`campaign_id`) USING BTREE,
  CONSTRAINT `newsletter_template_ibfk_1` FOREIGN KEY (`campaign_id`) REFERENCES `campaign` (`id`)
) ENGINE=InnoDB AUTO_INCREMENT=6 DEFAULT CHARSET=latin1;

-- ----------------------------
-- Records of newsletter_template
-- ----------------------------
INSERT INTO `newsletter_template` VALUES ('1', 'Broker welcome registration', '<div class=\"block\"><!-- Start of preheader -->\r\n<table border=\"0\" cellpadding=\"0\" cellspacing=\"0\" id=\"backgroundTable\" style=\"width:100%\">\r\n	<tbody>\r\n		<tr>\r\n			<td>\r\n			<table align=\"center\" border=\"0\" cellpadding=\"0\" cellspacing=\"0\" class=\"devicewidth\" style=\"width:580px\">\r\n				<tbody><!-- Spacing -->\r\n					<tr>\r\n						<td>test</td>\r\n					</tr>\r\n					<!-- Spacing -->\r\n					<tr>\r\n						<td>If you cannot read this email, please <a class=\"hlite\" href=\"#\" style=\"text-decoration: none; color: #0db9ea\">click here</a></td>\r\n					</tr>\r\n					<!-- Spacing -->\r\n					<tr>\r\n						<td>&nbsp;</td>\r\n					</tr>\r\n					<!-- Spacing -->\r\n				</tbody>\r\n			</table>\r\n			</td>\r\n		</tr>\r\n	</tbody>\r\n</table>\r\n<!-- End of preheader --></div>\r\n\r\n<div class=\"block\"><!-- start of header -->\r\n<table border=\"0\" cellpadding=\"0\" cellspacing=\"0\" id=\"backgroundTable\" style=\"width:100%\">\r\n	<tbody>\r\n		<tr>\r\n			<td>\r\n			<table align=\"center\" border=\"0\" cellpadding=\"0\" cellspacing=\"0\" class=\"devicewidth\" style=\"width:580px\">\r\n				<tbody>\r\n					<tr>\r\n						<td><!-- logo -->\r\n						<table align=\"left\" border=\"0\" cellpadding=\"0\" cellspacing=\"0\" class=\"devicewidth\" style=\"width:280px\">\r\n							<tbody>\r\n								<tr>\r\n									<td>\r\n									<div class=\"imgpop\"><a href=\"#\"><img alt=\"logo\" class=\"logo\" src=\"http://americacpn.com/uploads/email_templates/litmus_stamplia_templates/Minty/img/logo.png\" style=\"border:none; display:block; outline:none; text-decoration:none\" /></a></div>\r\n									</td>\r\n								</tr>\r\n							</tbody>\r\n						</table>\r\n						<!-- End of logo --><!-- menu -->\r\n\r\n						<table align=\"right\" border=\"0\" cellpadding=\"0\" cellspacing=\"0\" class=\"devicewidth\" style=\"width:280px\">\r\n							<tbody>\r\n								<tr>\r\n									<td><a href=\"#\" style=\"text-decoration: none; color: #ffffff;\">HOME</a> &nbsp;|&nbsp; <a href=\"#\" style=\"text-decoration: none; color: #ffffff;\">ABOUT</a> &nbsp;|&nbsp; <a href=\"#\" style=\"text-decoration: none; color: #ffffff;\">SHOP</a></td>\r\n									<td>&nbsp;</td>\r\n								</tr>\r\n							</tbody>\r\n						</table>\r\n						<!-- End of Menu --></td>\r\n					</tr>\r\n				</tbody>\r\n			</table>\r\n			</td>\r\n		</tr>\r\n	</tbody>\r\n</table>\r\n<!-- end of header --></div>\r\n\r\n<div class=\"block\"><!-- image + text -->\r\n<table border=\"0\" cellpadding=\"0\" cellspacing=\"0\" id=\"backgroundTable\" style=\"width:100%\">\r\n	<tbody>\r\n		<tr>\r\n			<td>\r\n			<table align=\"center\" border=\"0\" cellpadding=\"0\" cellspacing=\"0\" class=\"devicewidth\" style=\"width:580px\">\r\n				<tbody>\r\n					<tr>\r\n						<td>&nbsp;</td>\r\n					</tr>\r\n					<tr>\r\n						<td>\r\n						<table align=\"center\" border=\"0\" cellpadding=\"0\" cellspacing=\"0\" class=\"devicewidthinner\" style=\"width:540px\">\r\n							<tbody>\r\n								<tr><!-- start of image -->\r\n									<td><img alt=\"\" class=\"bigimage\" src=\"/backend/plugins/kcfinder/upload/images/black-woman-thinking-pf.jpg\" style=\"border:0px solid; display:block; height:338px; outline:medium none; text-decoration:none; width:507px\" /></td>\r\n								</tr>\r\n								<!-- end of image --><!-- Spacing -->\r\n								<tr>\r\n									<td>&nbsp;</td>\r\n								</tr>\r\n								<!-- Spacing --><!-- title -->\r\n								<tr>\r\n									<td style=\"text-align:left\">texts are editable</td>\r\n								</tr>\r\n								<!-- end of title --><!-- Spacing -->\r\n								<tr>\r\n									<td>&nbsp;</td>\r\n								</tr>\r\n								<!-- Spacing --><!-- content -->\r\n								<tr>\r\n									<td style=\"text-align:left\">inline editing</td>\r\n								</tr>\r\n								<!-- button -->\r\n								<tr>\r\n									<td>\r\n									<table align=\"left\" border=\"0\" cellpadding=\"0\" cellspacing=\"0\" class=\"tablet-button\" style=\"height:30px\">\r\n										<tbody>\r\n											<tr>\r\n												<td style=\"background-color:#0db9ea; text-align:center\"><span style=\"color:#ffffff\"><a href=\"#\" style=\"color: #ffffff; text-align:center;text-decoration: none;\">Read More</a> </span></td>\r\n											</tr>\r\n										</tbody>\r\n									</table>\r\n									</td>\r\n								</tr>\r\n								<!-- /button --><!-- Spacing -->\r\n								<tr>\r\n									<td>&nbsp;</td>\r\n								</tr>\r\n								<!-- Spacing -->\r\n							</tbody>\r\n						</table>\r\n						</td>\r\n					</tr>\r\n				</tbody>\r\n			</table>\r\n			</td>\r\n		</tr>\r\n	</tbody>\r\n</table>\r\n</div>\r\n\r\n<div class=\"block\"><!-- start textbox-with-title -->\r\n<table border=\"0\" cellpadding=\"0\" cellspacing=\"0\" id=\"backgroundTable\" style=\"width:100%\">\r\n	<tbody>\r\n		<tr>\r\n			<td>\r\n			<table align=\"center\" border=\"0\" cellpadding=\"0\" cellspacing=\"0\" class=\"devicewidth\" style=\"width:580px\">\r\n				<tbody><!-- Spacing -->\r\n					<tr>\r\n						<td>&nbsp;</td>\r\n					</tr>\r\n					<!-- Spacing -->\r\n					<tr>\r\n						<td>\r\n						<table align=\"center\" border=\"0\" cellpadding=\"0\" cellspacing=\"0\" class=\"devicewidthinner\" style=\"width:540px\">\r\n							<tbody><!-- Title -->\r\n								<tr>\r\n									<td style=\"text-align:center\">NICE HEADING HERE</td>\r\n								</tr>\r\n								<!-- End of Title --><!-- spacing -->\r\n								<tr>\r\n									<td>&nbsp;</td>\r\n								</tr>\r\n								<!-- End of spacing --><!-- content -->\r\n								<tr>\r\n									<td style=\"text-align:center\">Lorem ipsum dolor sit amet</td>\r\n								</tr>\r\n								<!-- End of content --><!-- Spacing -->\r\n								<tr>\r\n									<td>&nbsp;</td>\r\n								</tr>\r\n								<!-- Spacing --><!-- button -->\r\n								<tr>\r\n									<td>\r\n									<table align=\"center\" border=\"0\" cellpadding=\"0\" cellspacing=\"0\" class=\"tablet-button\" style=\"height:36px\">\r\n										<tbody>\r\n											<tr>\r\n												<td style=\"background-color:#0db9ea; text-align:center\"><span style=\"color:#ffffff\"><a href=\"#\" style=\"color: #ffffff; text-align:center;text-decoration: none;\">Download</a> </span></td>\r\n											</tr>\r\n										</tbody>\r\n									</table>\r\n									</td>\r\n								</tr>\r\n								<!-- /button --><!-- Spacing -->\r\n								<tr>\r\n									<td>&nbsp;</td>\r\n								</tr>\r\n								<!-- Spacing -->\r\n							</tbody>\r\n						</table>\r\n						</td>\r\n					</tr>\r\n				</tbody>\r\n			</table>\r\n			</td>\r\n		</tr>\r\n	</tbody>\r\n</table>\r\n<!-- end of textbox-with-title --></div>\r\n\r\n<div class=\"block\"><!-- start of left image -->\r\n<table border=\"0\" cellpadding=\"0\" cellspacing=\"0\" id=\"backgroundTable\" style=\"width:100%\">\r\n	<tbody>\r\n		<tr>\r\n			<td>\r\n			<table align=\"center\" border=\"0\" cellpadding=\"0\" cellspacing=\"0\" class=\"devicewidth\" style=\"width:580px\">\r\n				<tbody><!-- Spacing -->\r\n					<tr>\r\n						<td>&nbsp;</td>\r\n					</tr>\r\n					<!-- Spacing -->\r\n					<tr>\r\n						<td>\r\n						<table align=\"center\" border=\"0\" cellpadding=\"0\" cellspacing=\"0\" class=\"devicewidthinner\" style=\"width:540px\">\r\n							<tbody>\r\n								<tr>\r\n									<td><!-- start of text content table -->\r\n									<table align=\"left\" border=\"0\" cellpadding=\"0\" cellspacing=\"0\" class=\"devicewidthinner\" style=\"width:200px\">\r\n										<tbody><!-- image -->\r\n											<tr>\r\n												<td><img alt=\"\" src=\"http://americacpn.com/uploads/email_templates/litmus_stamplia_templates/Minty/img/left-image.png\" style=\"border:none; display:block; height:180px; outline:none; text-decoration:none; width:180px\" /></td>\r\n											</tr>\r\n										</tbody>\r\n									</table>\r\n									<!-- mobile spacing -->\r\n\r\n									<table align=\"left\" border=\"0\" cellpadding=\"0\" cellspacing=\"0\" class=\"mobilespacing\">\r\n										<tbody>\r\n											<tr>\r\n												<td>&nbsp;</td>\r\n											</tr>\r\n										</tbody>\r\n									</table>\r\n									<!-- mobile spacing --><!-- start of right column -->\r\n\r\n									<table align=\"right\" border=\"0\" cellpadding=\"0\" cellspacing=\"0\" class=\"devicewidthinner\" style=\"width:330px\">\r\n										<tbody><!-- title -->\r\n											<tr>\r\n												<td style=\"text-align:left\">LOREM IPSUM</td>\r\n											</tr>\r\n											<!-- end of title --><!-- Spacing -->\r\n											<tr>\r\n												<td>&nbsp;</td>\r\n											</tr>\r\n											<!-- Spacing --><!-- content -->\r\n											<tr>\r\n												<td style=\"text-align:left\">Lorem ipsum dolor sit amet, consectetur adipisicing elit, sed do eiusmod tempor incididunt ut labore et dolore magna aliqua</td>\r\n											</tr>\r\n											<!-- end of content --><!-- Spacing -->\r\n											<tr>\r\n												<td>&nbsp;</td>\r\n											</tr>\r\n											<!-- button -->\r\n											<tr>\r\n												<td>\r\n												<table align=\"left\" border=\"0\" cellpadding=\"0\" cellspacing=\"0\" class=\"tablet-button\" style=\"height:30px\">\r\n													<tbody>\r\n														<tr>\r\n															<td style=\"background-color:#0db9ea; text-align:center\"><span style=\"color:#ffffff\"><a href=\"#\" style=\"color: #ffffff; text-align:center;text-decoration: none;\">Read More</a> </span></td>\r\n														</tr>\r\n													</tbody>\r\n												</table>\r\n												</td>\r\n											</tr>\r\n											<!-- /button -->\r\n										</tbody>\r\n									</table>\r\n									<!-- end of right column --></td>\r\n								</tr>\r\n							</tbody>\r\n						</table>\r\n						</td>\r\n					</tr>\r\n					<!-- Spacing -->\r\n					<tr>\r\n						<td>&nbsp;</td>\r\n					</tr>\r\n					<!-- Spacing -->\r\n				</tbody>\r\n			</table>\r\n			</td>\r\n		</tr>\r\n	</tbody>\r\n</table>\r\n<!-- end of left image --></div>\r\n\r\n<div class=\"block\"><!-- start of left image -->\r\n<table border=\"0\" cellpadding=\"0\" cellspacing=\"0\" id=\"backgroundTable\" style=\"width:100%\">\r\n	<tbody>\r\n		<tr>\r\n			<td>\r\n			<table align=\"center\" border=\"0\" cellpadding=\"0\" cellspacing=\"0\" class=\"devicewidth\" style=\"width:580px\">\r\n				<tbody><!-- Spacing -->\r\n					<tr>\r\n						<td>&nbsp;</td>\r\n					</tr>\r\n					<!-- Spacing -->\r\n					<tr>\r\n						<td>\r\n						<table align=\"center\" border=\"0\" cellpadding=\"0\" cellspacing=\"0\" class=\"devicewidthinner\" style=\"width:540px\">\r\n							<tbody>\r\n								<tr>\r\n									<td><!-- start of text content table -->\r\n									<table align=\"right\" border=\"0\" cellpadding=\"0\" cellspacing=\"0\" class=\"devicewidthinner\" style=\"width:200px\">\r\n										<tbody><!-- image -->\r\n											<tr>\r\n												<td><img alt=\"\" src=\"http://americacpn.com/uploads/email_templates/litmus_stamplia_templates/Minty/img/right-image.png\" style=\"border:none; display:block; height:180px; outline:none; text-decoration:none; width:180px\" /></td>\r\n											</tr>\r\n										</tbody>\r\n									</table>\r\n									<!-- mobile spacing -->\r\n\r\n									<table align=\"left\" border=\"0\" cellpadding=\"0\" cellspacing=\"0\" class=\"mobilespacing\">\r\n										<tbody>\r\n											<tr>\r\n												<td>&nbsp;</td>\r\n											</tr>\r\n										</tbody>\r\n									</table>\r\n									<!-- mobile spacing --><!-- start of right column -->\r\n\r\n									<table align=\"left\" border=\"0\" cellpadding=\"0\" cellspacing=\"0\" class=\"devicewidthinner\" style=\"width:330px\">\r\n										<tbody><!-- title -->\r\n											<tr>\r\n												<td style=\"text-align:left\">LOREM IPSUM</td>\r\n											</tr>\r\n											<!-- end of title --><!-- Spacing -->\r\n											<tr>\r\n												<td>&nbsp;</td>\r\n											</tr>\r\n											<!-- Spacing --><!-- content -->\r\n											<tr>\r\n												<td style=\"text-align:left\">Lorem ipsum dolor sit amet, consectetur adipisicing elit, sed do eiusmod tempor incididunt ut labore et dolore magna aliqua</td>\r\n											</tr>\r\n											<!-- end of content --><!-- Spacing -->\r\n											<tr>\r\n												<td>&nbsp;</td>\r\n											</tr>\r\n											<!-- button -->\r\n											<tr>\r\n												<td>\r\n												<table align=\"left\" border=\"0\" cellpadding=\"0\" cellspacing=\"0\" class=\"tablet-button\" style=\"height:30px\">\r\n													<tbody>\r\n														<tr>\r\n															<td style=\"background-color:#0db9ea; text-align:center\"><span style=\"color:#ffffff\"><a href=\"#\" style=\"color: #ffffff; text-align:center;text-decoration: none;\">Read More</a> </span></td>\r\n														</tr>\r\n													</tbody>\r\n												</table>\r\n												</td>\r\n											</tr>\r\n											<!-- /button -->\r\n										</tbody>\r\n									</table>\r\n									<!-- end of right column --></td>\r\n								</tr>\r\n							</tbody>\r\n						</table>\r\n						</td>\r\n					</tr>\r\n					<!-- Spacing -->\r\n					<tr>\r\n						<td>&nbsp;</td>\r\n					</tr>\r\n					<!-- Spacing -->\r\n				</tbody>\r\n			</table>\r\n			</td>\r\n		</tr>\r\n	</tbody>\r\n</table>\r\n<!-- end of left image --></div>\r\n\r\n<div class=\"block\"><!-- fulltext -->\r\n<table border=\"0\" cellpadding=\"0\" cellspacing=\"0\" id=\"backgroundTable\" style=\"width:100%\">\r\n	<tbody>\r\n		<tr>\r\n			<td>\r\n			<table align=\"center\" border=\"0\" cellpadding=\"0\" cellspacing=\"0\" class=\"devicewidth\" style=\"width:580px\">\r\n				<tbody><!-- Spacing -->\r\n					<tr>\r\n						<td>&nbsp;</td>\r\n					</tr>\r\n					<!-- Spacing -->\r\n					<tr>\r\n						<td>\r\n						<table align=\"center\" border=\"0\" cellpadding=\"0\" cellspacing=\"0\" class=\"devicewidthinner\" style=\"width:540px\">\r\n							<tbody><!-- Title -->\r\n								<tr>\r\n									<td style=\"text-align:center\">NICE HEADING HERE</td>\r\n								</tr>\r\n								<!-- End of Title --><!-- spacing -->\r\n								<tr>\r\n									<td>&nbsp;</td>\r\n								</tr>\r\n								<!-- End of spacing --><!-- content -->\r\n								<tr>\r\n									<td style=\"text-align:center\">Lorem ipsum dolor sit amet</td>\r\n								</tr>\r\n								<!-- End of content --><!-- Spacing -->\r\n								<tr>\r\n									<td>&nbsp;</td>\r\n								</tr>\r\n								<!-- Spacing -->\r\n							</tbody>\r\n						</table>\r\n						</td>\r\n					</tr>\r\n				</tbody>\r\n			</table>\r\n			</td>\r\n		</tr>\r\n	</tbody>\r\n</table>\r\n<!-- end of fulltext --></div>\r\n\r\n<div class=\"block\"><!-- Start of 2-columns -->\r\n<table border=\"0\" cellpadding=\"0\" cellspacing=\"0\" id=\"backgroundTable\" style=\"width:100%\">\r\n	<tbody>\r\n		<tr>\r\n			<td>\r\n			<table align=\"center\" border=\"0\" cellpadding=\"0\" cellspacing=\"0\" class=\"devicewidth\" style=\"width:580px\">\r\n				<tbody>\r\n					<tr>\r\n						<td>&nbsp;</td>\r\n					</tr>\r\n					<tr>\r\n						<td>\r\n						<table align=\"center\" border=\"0\" cellpadding=\"0\" cellspacing=\"0\" class=\"devicewidth\" style=\"width:540px\">\r\n							<tbody>\r\n								<tr>\r\n									<td>\r\n									<table align=\"left\" border=\"0\" cellpadding=\"0\" cellspacing=\"0\" class=\"devicewidth\" style=\"width:260px\">\r\n										<tbody><!-- image -->\r\n											<tr>\r\n												<td><img alt=\"\" class=\"col2img\" src=\"http://americacpn.com/uploads/email_templates/litmus_stamplia_templates/Minty/img/2col-image1.png\" style=\"border:none; display:block; height:140px; outline:none; text-decoration:none; width:260px\" /></td>\r\n											</tr>\r\n											<!-- Spacing -->\r\n											<tr>\r\n												<td>&nbsp;</td>\r\n											</tr>\r\n											<!-- Spacing -->\r\n											<tr>\r\n												<td><!-- start of text content table -->\r\n												<table align=\"center\" border=\"0\" cellpadding=\"0\" cellspacing=\"0\" class=\"devicewidthinner\" style=\"width:260px\">\r\n													<tbody><!-- title -->\r\n														<tr>\r\n															<td style=\"text-align:left\">LOREM IPSUM</td>\r\n														</tr>\r\n														<!-- end of title --><!-- Spacing -->\r\n														<tr>\r\n															<td>&nbsp;</td>\r\n														</tr>\r\n														<!-- /Spacing --><!-- content -->\r\n														<tr>\r\n															<td style=\"text-align:left\">Lorem ipsum dolor sit amet, consetetur sadipscing elitr, sed diam nonumy eirmod tempam et justo duo dolores et ea rebum.</td>\r\n														</tr>\r\n														<!-- end of content --><!-- Spacing -->\r\n														<tr>\r\n															<td>&nbsp;</td>\r\n														</tr>\r\n														<!-- /Spacing --><!-- button -->\r\n														<tr>\r\n															<td>\r\n															<table align=\"left\" border=\"0\" cellpadding=\"0\" cellspacing=\"0\" class=\"tablet-button\" style=\"height:30px\">\r\n																<tbody>\r\n																	<tr>\r\n																		<td style=\"background-color:#0db9ea; text-align:center\"><span style=\"color:#ffffff\"><a href=\"#\" style=\"color: #ffffff; text-align:center;text-decoration: none;\">Read More</a> </span></td>\r\n																	</tr>\r\n																</tbody>\r\n															</table>\r\n															</td>\r\n														</tr>\r\n														<!-- /button -->\r\n													</tbody>\r\n												</table>\r\n												</td>\r\n											</tr>\r\n											<!-- end of text content table -->\r\n										</tbody>\r\n									</table>\r\n									<!-- end of left column --><!-- spacing for mobile devices-->\r\n\r\n									<table align=\"left\" border=\"0\" cellpadding=\"0\" cellspacing=\"0\" class=\"mobilespacing\">\r\n										<tbody>\r\n											<tr>\r\n												<td>&nbsp;</td>\r\n											</tr>\r\n										</tbody>\r\n									</table>\r\n									<!-- end of for mobile devices--><!-- start of right column -->\r\n\r\n									<table align=\"right\" border=\"0\" cellpadding=\"0\" cellspacing=\"0\" class=\"devicewidth\" style=\"width:260px\">\r\n										<tbody><!-- image -->\r\n											<tr>\r\n												<td><img alt=\"\" class=\"col2img\" src=\"http://americacpn.com/uploads/email_templates/litmus_stamplia_templates/Minty/img/2col-image2.png\" style=\"border:none; display:block; height:140px; outline:none; text-decoration:none; width:260px\" /></td>\r\n											</tr>\r\n											<!-- Spacing -->\r\n											<tr>\r\n												<td>&nbsp;</td>\r\n											</tr>\r\n											<!-- Spacing -->\r\n											<tr>\r\n												<td><!-- start of text content table -->\r\n												<table align=\"center\" border=\"0\" cellpadding=\"0\" cellspacing=\"0\" class=\"devicewidthinner\" style=\"width:260px\">\r\n													<tbody><!-- title -->\r\n														<tr>\r\n															<td style=\"text-align:left\">LOREM IPSUM</td>\r\n														</tr>\r\n														<!-- end of title --><!-- Spacing -->\r\n														<tr>\r\n															<td>&nbsp;</td>\r\n														</tr>\r\n														<!-- /Spacing --><!-- content -->\r\n														<tr>\r\n															<td style=\"text-align:left\">Lorem ipsum dolor sit amet, consetetur sadipscing elitr, sed diam nonumy eirmod tempam et justo duo dolores et ea rebum.</td>\r\n														</tr>\r\n														<!-- end of content --><!-- Spacing -->\r\n														<tr>\r\n															<td>&nbsp;</td>\r\n														</tr>\r\n														<!-- /Spacing --><!-- button -->\r\n														<tr>\r\n															<td>\r\n															<table align=\"left\" border=\"0\" cellpadding=\"0\" cellspacing=\"0\" class=\"tablet-button\" style=\"height:30px\">\r\n																<tbody>\r\n																	<tr>\r\n																		<td style=\"background-color:#0db9ea; text-align:center\"><span style=\"color:#ffffff\"><a href=\"#\" style=\"color: #ffffff; text-align:center;text-decoration: none;\">Read More</a> </span></td>\r\n																	</tr>\r\n																</tbody>\r\n															</table>\r\n															</td>\r\n														</tr>\r\n														<!-- /button -->\r\n													</tbody>\r\n												</table>\r\n												</td>\r\n											</tr>\r\n											<!-- end of text content table -->\r\n										</tbody>\r\n									</table>\r\n									<!-- end of right column --></td>\r\n								</tr>\r\n							</tbody>\r\n						</table>\r\n						</td>\r\n					</tr>\r\n					<tr>\r\n						<td>&nbsp;</td>\r\n					</tr>\r\n				</tbody>\r\n			</table>\r\n			</td>\r\n		</tr>\r\n	</tbody>\r\n</table>\r\n<!-- End of 2-columns --></div>\r\n\r\n<div class=\"block\"><!-- 3-columns -->\r\n<table border=\"0\" cellpadding=\"0\" cellspacing=\"0\" id=\"backgroundTable\" style=\"width:100%\">\r\n	<tbody>\r\n		<tr>\r\n			<td>\r\n			<table align=\"center\" border=\"0\" cellpadding=\"0\" cellspacing=\"0\" class=\"devicewidth\" style=\"width:580px\">\r\n				<tbody>\r\n					<tr>\r\n						<td>&nbsp;</td>\r\n					</tr>\r\n					<tr>\r\n						<td>\r\n						<table align=\"center\" border=\"0\" cellpadding=\"0\" cellspacing=\"0\" class=\"devicewidth\" style=\"width:540px\">\r\n							<tbody>\r\n								<tr>\r\n									<td><!-- col 1 -->\r\n									<table align=\"left\" border=\"0\" cellpadding=\"0\" cellspacing=\"0\" class=\"devicewidth\" style=\"width:170px\">\r\n										<tbody><!-- image 2 -->\r\n											<tr>\r\n												<td><img alt=\"\" class=\"col3img\" src=\"http://americacpn.com/uploads/email_templates/litmus_stamplia_templates/Minty/img/3col-image.png\" style=\"border:none; display:block; height:128px; outline:none; text-decoration:none; width:170px\" /></td>\r\n											</tr>\r\n											<!-- end of image2 -->\r\n											<tr>\r\n												<td><!-- start of text content table -->\r\n												<table align=\"center\" border=\"0\" cellpadding=\"0\" cellspacing=\"0\" class=\"devicewidthinner\" style=\"width:170px\">\r\n													<tbody><!-- Spacing -->\r\n														<tr>\r\n															<td>&nbsp;</td>\r\n														</tr>\r\n														<!-- Spacing --><!-- title2 -->\r\n														<tr>\r\n															<td style=\"text-align:left\">Lorem Ipsum</td>\r\n														</tr>\r\n														<!-- end of title2 --><!-- Spacing -->\r\n														<tr>\r\n															<td>&nbsp;</td>\r\n														</tr>\r\n														<!-- Spacing --><!-- content2 -->\r\n														<tr>\r\n															<td style=\"text-align:left\">Duis aute irure dolor in reprehenderit in voluptate velit esse cillum dolore eu fugiat nulla pariatur.</td>\r\n														</tr>\r\n														<!-- end of content2 --><!-- Spacing -->\r\n														<tr>\r\n															<td>&nbsp;</td>\r\n														</tr>\r\n														<!-- Spacing --><!-- button -->\r\n														<tr>\r\n															<td>\r\n															<table align=\"left\" border=\"0\" cellpadding=\"0\" cellspacing=\"0\" class=\"tablet-button\" style=\"height:30px\">\r\n																<tbody>\r\n																	<tr>\r\n																		<td style=\"background-color:#0db9ea; text-align:center\"><span style=\"color:#ffffff\"><a href=\"#\" style=\"color: #ffffff; text-align:center;text-decoration: none;\">Read More</a> </span></td>\r\n																	</tr>\r\n																</tbody>\r\n															</table>\r\n															</td>\r\n														</tr>\r\n														<!-- /button -->\r\n													</tbody>\r\n												</table>\r\n												</td>\r\n											</tr>\r\n											<!-- end of text content table -->\r\n										</tbody>\r\n									</table>\r\n									<!-- spacing -->\r\n\r\n									<table align=\"left\" border=\"0\" cellpadding=\"0\" cellspacing=\"0\" class=\"removeMobile\" style=\"width:15px\">\r\n										<tbody>\r\n											<tr>\r\n												<td>&nbsp;</td>\r\n											</tr>\r\n										</tbody>\r\n									</table>\r\n									<!-- end of spacing --><!-- col 2 -->\r\n\r\n									<table align=\"left\" border=\"0\" cellpadding=\"0\" cellspacing=\"0\" class=\"devicewidth\" style=\"width:170px\">\r\n										<tbody><!-- image 2 -->\r\n											<tr>\r\n												<td><img alt=\"\" class=\"col3img\" src=\"http://americacpn.com/uploads/email_templates/litmus_stamplia_templates/Minty/img/3col-image.png\" style=\"border:none; display:block; height:128px; outline:none; text-decoration:none; width:170px\" /></td>\r\n											</tr>\r\n											<!-- end of image2 -->\r\n											<tr>\r\n												<td><!-- start of text content table -->\r\n												<table align=\"center\" border=\"0\" cellpadding=\"0\" cellspacing=\"0\" class=\"devicewidthinner\" style=\"width:170px\">\r\n													<tbody><!-- Spacing -->\r\n														<tr>\r\n															<td>&nbsp;</td>\r\n														</tr>\r\n														<!-- Spacing --><!-- title2 -->\r\n														<tr>\r\n															<td style=\"text-align:left\">Lorem Ipsum</td>\r\n														</tr>\r\n														<!-- end of title2 --><!-- Spacing -->\r\n														<tr>\r\n															<td>&nbsp;</td>\r\n														</tr>\r\n														<!-- Spacing --><!-- content2 -->\r\n														<tr>\r\n															<td style=\"text-align:left\">Duis aute irure dolor in reprehenderit in voluptate velit esse cillum dolore eu fugiat nulla pariatur.</td>\r\n														</tr>\r\n														<!-- end of content2 --><!-- Spacing -->\r\n														<tr>\r\n															<td>&nbsp;</td>\r\n														</tr>\r\n														<!-- /Spacing --><!-- button -->\r\n														<tr>\r\n															<td>\r\n															<table align=\"left\" border=\"0\" cellpadding=\"0\" cellspacing=\"0\" class=\"tablet-button\" style=\"height:30px\">\r\n																<tbody>\r\n																	<tr>\r\n																		<td style=\"background-color:#0db9ea; text-align:center\"><span style=\"color:#ffffff\"><a href=\"#\" style=\"color: #ffffff; text-align:center;text-decoration: none;\">Read More</a> </span></td>\r\n																	</tr>\r\n																</tbody>\r\n															</table>\r\n															</td>\r\n														</tr>\r\n														<!-- /button -->\r\n													</tbody>\r\n												</table>\r\n												</td>\r\n											</tr>\r\n											<!-- end of text content table -->\r\n										</tbody>\r\n									</table>\r\n									<!-- end of col 2 --><!-- spacing -->\r\n\r\n									<table align=\"left\" border=\"0\" cellpadding=\"0\" cellspacing=\"0\" class=\"removeMobile\" style=\"width:1px\">\r\n										<tbody>\r\n											<tr>\r\n												<td>&nbsp;</td>\r\n											</tr>\r\n										</tbody>\r\n									</table>\r\n									<!-- end of spacing --><!-- col 3 -->\r\n\r\n									<table align=\"right\" border=\"0\" cellpadding=\"0\" cellspacing=\"0\" class=\"devicewidth\" style=\"width:170px\">\r\n										<tbody><!-- image3 -->\r\n											<tr>\r\n												<td><img alt=\"\" class=\"col3img\" src=\"http://americacpn.com/uploads/email_templates/litmus_stamplia_templates/Minty/img/3col-image.png\" style=\"border:none; display:block; height:128px; outline:none; text-decoration:none; width:170px\" /></td>\r\n											</tr>\r\n											<!-- end of image3 -->\r\n											<tr>\r\n												<td><!-- start of text content table -->\r\n												<table align=\"center\" border=\"0\" cellpadding=\"0\" cellspacing=\"0\" class=\"devicewidthinner\" style=\"width:170px\">\r\n													<tbody><!-- Spacing -->\r\n														<tr>\r\n															<td>&nbsp;</td>\r\n														</tr>\r\n														<!-- Spacing --><!-- title -->\r\n														<tr>\r\n															<td style=\"text-align:left\">Lorem Ipsum</td>\r\n														</tr>\r\n														<!-- end of title --><!-- Spacing -->\r\n														<tr>\r\n															<td>&nbsp;</td>\r\n														</tr>\r\n														<!-- Spacing --><!-- content -->\r\n														<tr>\r\n															<td style=\"text-align:left\">Duis aute irure dolor in reprehenderit in voluptate velit esse cillum dolore eu fugiat nulla pariatur.</td>\r\n														</tr>\r\n														<!-- end of content --><!-- Spacing -->\r\n														<tr>\r\n															<td>&nbsp;</td>\r\n														</tr>\r\n														<!-- Spacing --><!-- button -->\r\n														<tr>\r\n															<td>\r\n															<table align=\"left\" border=\"0\" cellpadding=\"0\" cellspacing=\"0\" class=\"tablet-button\" style=\"height:30px\">\r\n																<tbody>\r\n																	<tr>\r\n																		<td style=\"background-color:#0db9ea; text-align:center\"><span style=\"color:#ffffff\"><a href=\"#\" style=\"color: #ffffff; text-align:center;text-decoration: none;\">Read More</a> </span></td>\r\n																	</tr>\r\n																</tbody>\r\n															</table>\r\n															</td>\r\n														</tr>\r\n														<!-- /button -->\r\n													</tbody>\r\n												</table>\r\n												</td>\r\n											</tr>\r\n											<!-- end of text content table -->\r\n										</tbody>\r\n									</table>\r\n									</td>\r\n									<!-- spacing --><!-- end of spacing -->\r\n								</tr>\r\n							</tbody>\r\n						</table>\r\n						</td>\r\n					</tr>\r\n					<tr>\r\n						<td>&nbsp;</td>\r\n					</tr>\r\n				</tbody>\r\n			</table>\r\n			</td>\r\n		</tr>\r\n	</tbody>\r\n</table>\r\n<!-- end of 3-columns --></div>\r\n\r\n<div class=\"block\"><!-- Full + text -->\r\n<table border=\"0\" cellpadding=\"0\" cellspacing=\"0\" id=\"backgroundTable\" style=\"width:100%\">\r\n	<tbody>\r\n		<tr>\r\n			<td>\r\n			<table align=\"center\" border=\"0\" cellpadding=\"0\" cellspacing=\"0\" class=\"devicewidth\" style=\"width:580px\">\r\n				<tbody>\r\n					<tr>\r\n						<td>&nbsp;</td>\r\n					</tr>\r\n					<tr>\r\n						<td>\r\n						<table align=\"center\" border=\"0\" cellpadding=\"0\" cellspacing=\"0\" class=\"devicewidthinner\" style=\"width:540px\">\r\n							<tbody><!-- title -->\r\n								<tr>\r\n									<td style=\"text-align:left\">LOREM IPSUM</td>\r\n								</tr>\r\n								<!-- end of title --><!-- Spacing -->\r\n								<tr>\r\n									<td>&nbsp;</td>\r\n								</tr>\r\n								<!-- Spacing --><!-- content -->\r\n								<tr>\r\n									<td style=\"text-align:left\">Lorem ipsum dolor sit amet, consectetur adipisicing elit, sed do eiusmod tempor incididunt ut labore et dolore magna aliqua. Ut enim ad minim veniam, quis nostrud exercitation ullamco laboris nisi ut aliquip ex ea commodo consequat. Duis aute irure dolor in reprehenderit in voluptate velit esse cillum dolore eu fugiat nulla pariatur.</td>\r\n								</tr>\r\n								<!-- end of content --><!-- Spacing -->\r\n								<tr>\r\n									<td>&nbsp;</td>\r\n								</tr>\r\n								<!-- button -->\r\n								<tr>\r\n									<td>\r\n									<table align=\"left\" border=\"0\" cellpadding=\"0\" cellspacing=\"0\" class=\"tablet-button\" style=\"height:30px\">\r\n										<tbody>\r\n											<tr>\r\n												<td style=\"background-color:#0db9ea; text-align:center\"><span style=\"color:#ffffff\"><a href=\"#\" style=\"color: #ffffff; text-align:center;text-decoration: none;\">Read More</a> </span></td>\r\n											</tr>\r\n										</tbody>\r\n									</table>\r\n									</td>\r\n								</tr>\r\n								<!-- /button --><!-- Spacing -->\r\n								<tr>\r\n									<td>&nbsp;</td>\r\n								</tr>\r\n								<!-- Spacing -->\r\n							</tbody>\r\n						</table>\r\n						</td>\r\n					</tr>\r\n				</tbody>\r\n			</table>\r\n			</td>\r\n		</tr>\r\n	</tbody>\r\n</table>\r\n</div>\r\n\r\n<div class=\"block\"><!-- Start of preheader -->\r\n<table border=\"0\" cellpadding=\"0\" cellspacing=\"0\" id=\"backgroundTable\" style=\"width:100%\">\r\n	<tbody>\r\n		<tr>\r\n			<td>\r\n			<table align=\"center\" border=\"0\" cellpadding=\"0\" cellspacing=\"0\" class=\"devicewidth\" style=\"width:580px\">\r\n				<tbody><!-- Spacing -->\r\n					<tr>\r\n						<td>&nbsp;</td>\r\n					</tr>\r\n					<!-- Spacing -->\r\n					<tr>\r\n						<td>If you don&#39;t want to receive updates. please <a class=\"hlite\" href=\"#\" style=\"text-decoration: none; color: #0db9ea\">unsubscribe</a></td>\r\n					</tr>\r\n					<!-- Spacing -->\r\n					<tr>\r\n						<td>&nbsp;</td>\r\n					</tr>\r\n					<!-- Spacing -->\r\n				</tbody>\r\n			</table>\r\n			</td>\r\n		</tr>\r\n	</tbody>\r\n</table>\r\n<!-- End of preheader --></div>\r\n', null, null, '', 'newsletter', '0', '', '2015-11-21 16:02:24');
INSERT INTO `newsletter_template` VALUES ('2', 'Welcome Template', '<!-- Start of preheader -->\r\n<table border=\"0\" cellpadding=\"0\" cellspacing=\"0\" id=\"backgroundTable\" style=\"width:100%\">\r\n	<tbody>\r\n		<tr>\r\n			<td>\r\n			<table align=\"center\" border=\"0\" cellpadding=\"0\" cellspacing=\"0\" class=\"devicewidth\" style=\"width:600px\">\r\n				<tbody>\r\n					<tr>\r\n						<td>\r\n						<table align=\"center\" border=\"0\" cellpadding=\"0\" cellspacing=\"0\" class=\"devicewidth\" style=\"width:600px\">\r\n							<tbody><!-- Spacing -->\r\n								<tr>\r\n									<td>&nbsp;</td>\r\n								</tr>\r\n								<!-- Spacing -->\r\n								<tr>\r\n									<td>\r\n									<table align=\"left\" border=\"0\" cellpadding=\"0\" cellspacing=\"0\" class=\"devicewidthinner\" style=\"width:280px\">\r\n										<tbody>\r\n											<tr>\r\n												<td>Subject : {subject}</td>\r\n											</tr>\r\n										</tbody>\r\n									</table>\r\n\r\n									<table align=\"left\" border=\"0\" cellpadding=\"0\" cellspacing=\"0\" class=\"emhide\" style=\"width:280px\">\r\n										<tbody>\r\n											<tr>\r\n												<td>Date :{date}</td>\r\n											</tr>\r\n										</tbody>\r\n									</table>\r\n									</td>\r\n								</tr>\r\n								<!-- Spacing -->\r\n								<tr>\r\n									<td>&nbsp;</td>\r\n								</tr>\r\n								<!-- Spacing -->\r\n							</tbody>\r\n						</table>\r\n						</td>\r\n					</tr>\r\n				</tbody>\r\n			</table>\r\n			</td>\r\n		</tr>\r\n	</tbody>\r\n</table>\r\n<!-- End of preheader --><!-- Start of LOGO -->\r\n\r\n<table border=\"0\" cellpadding=\"0\" cellspacing=\"0\" id=\"backgroundTable\" style=\"width:100%\">\r\n	<tbody>\r\n		<tr>\r\n			<td>\r\n			<table align=\"center\" border=\"0\" cellpadding=\"0\" cellspacing=\"0\" class=\"devicewidth\" style=\"width:600px\">\r\n				<tbody>\r\n					<tr>\r\n						<td>\r\n						<table align=\"center\" border=\"0\" cellpadding=\"0\" cellspacing=\"0\" class=\"devicewidth\" style=\"width:600px\">\r\n							<tbody>\r\n								<tr><!-- start of image -->\r\n									<td><a href=\"#\" target=\"_blank\"><img alt=\"\" class=\"logo\" src=\"http://demo.americacpn.com/uploads/email_templates/litmus_stamplia_templates/Tubor/img/logo.png\" style=\"border:none; display:block; height:150px; outline:none; text-decoration:none; width:600px\" /></a></td>\r\n								</tr>\r\n							</tbody>\r\n						</table>\r\n						<!-- end of image --></td>\r\n					</tr>\r\n				</tbody>\r\n			</table>\r\n			</td>\r\n		</tr>\r\n	</tbody>\r\n</table>\r\n<!-- End of LOGO --><!-- start textbox-with-title -->\r\n\r\n<table border=\"0\" cellpadding=\"0\" cellspacing=\"0\" id=\"backgroundTable\" style=\"width:100%\">\r\n	<tbody>\r\n		<tr>\r\n			<td>\r\n			<table align=\"center\" border=\"0\" cellpadding=\"0\" cellspacing=\"0\" class=\"devicewidth\" style=\"width:600px\">\r\n				<tbody>\r\n				</tbody>\r\n				<tbody>\r\n					<tr>\r\n						<td>\r\n						<table align=\"center\" border=\"0\" cellpadding=\"0\" cellspacing=\"0\" class=\"devicewidth\" style=\"width:600px\">\r\n							<tbody><!-- Spacing -->\r\n								<tr>\r\n									<td>&nbsp;</td>\r\n								</tr>\r\n								<!-- Spacing -->\r\n								<tr>\r\n									<td>\r\n									<table align=\"center\" border=\"0\" cellpadding=\"0\" cellspacing=\"0\" class=\"devicewidthinner\" style=\"width:560px\">\r\n										<tbody><!-- Title -->\r\n											<tr>\r\n												<td style=\"text-align:left\">Dear {register_name},</td>\r\n											</tr>\r\n											<!-- End of Title --><!-- spacing -->\r\n											<tr>\r\n												<td>&nbsp;</td>\r\n											</tr>\r\n											<!-- End of spacing --><!-- content -->\r\n											<tr>\r\n												<td style=\"text-align:left\"><span style=\"font-family:georgia\">You have been successfully added on The Credit University as {registered} by ({role}) . Please purchase a membership by clicking on this link. <a href=\"&lt;?php echo base_url() ; ?&gt;member/activateMember/{token}/{user_id}\">Click Here</a> </span><br />\r\n												<br />\r\n												Groundbreaking new program offers a second chance at good credit if you or anyone you know has bad credit you should not only read this article but take action on the information in it. bad credit can make it difficult to get a lot of things in life (and if you have bad credit you know exactly what i mean).your credit is reviewed for more than credit cards. today your credit is checked when you apply for credit cards, car loans, a mortgage, an apartment, and even a job.</td>\r\n											</tr>\r\n											<!-- End of content --><!-- Spacing -->\r\n											<tr>\r\n												<td>&nbsp;</td>\r\n											</tr>\r\n											<!-- Spacing --><!-- button --><!-- /button --><!-- Spacing -->\r\n											<tr>\r\n												<td>&nbsp;</td>\r\n											</tr>\r\n											<!-- Spacing -->\r\n										</tbody>\r\n									</table>\r\n									</td>\r\n								</tr>\r\n							</tbody>\r\n						</table>\r\n						</td>\r\n					</tr>\r\n				</tbody>\r\n			</table>\r\n			</td>\r\n		</tr>\r\n	</tbody>\r\n</table>\r\n<!-- end of textbox-with-title --><!-- Start of 2-columns -->\r\n\r\n<table border=\"0\" cellpadding=\"0\" cellspacing=\"0\" id=\"backgroundTable\" style=\"width:100%\">\r\n	<tbody>\r\n		<tr>\r\n			<td>\r\n			<table align=\"center\" border=\"0\" cellpadding=\"0\" cellspacing=\"0\" class=\"devicewidth\" style=\"width:600px\">\r\n				<tbody>\r\n					<tr>\r\n						<td>\r\n						<table align=\"center\" border=\"0\" cellpadding=\"0\" cellspacing=\"0\" class=\"devicewidth\" style=\"width:600px\">\r\n							<tbody>\r\n								<tr>\r\n									<td>\r\n									<table align=\"left\" border=\"0\" cellpadding=\"0\" cellspacing=\"0\" class=\"devicewidth\" style=\"width:290px\">\r\n										<tbody><!-- Spacing -->\r\n											<tr>\r\n												<td>&nbsp;</td>\r\n											</tr>\r\n											<!-- Spacing -->\r\n											<tr>\r\n												<td><!-- start of text content table -->\r\n												<table align=\"center\" border=\"0\" cellpadding=\"0\" cellspacing=\"0\" class=\"devicewidthinner\" style=\"width:270px\">\r\n													<tbody><!-- image -->\r\n														<tr>\r\n															<td><img alt=\"\" class=\"colimg2\" src=\"http://demo.americacpn.com/uploads/email_templates/litmus_stamplia_templates/Tubor/img/col_1.png\" style=\"border:none; display:block; height:150px; outline:none; text-decoration:none; width:270px\" /></td>\r\n														</tr>\r\n														<!-- Spacing -->\r\n														<tr>\r\n															<td>&nbsp;</td>\r\n														</tr>\r\n														<!-- /Spacing --><!-- title -->\r\n														<tr>\r\n															<td style=\"text-align:left\">View your progress online</td>\r\n														</tr>\r\n														<!-- end of title --><!-- Spacing -->\r\n														<tr>\r\n															<td>&nbsp;</td>\r\n														</tr>\r\n														<!-- /Spacing --><!-- content -->\r\n														<tr>\r\n															<td style=\"text-align:left\">score planner is a tool to help you learn how your estimated credit score is calculated by seeing how different events or changes to your credit report may impact your credit score. the score planner uses the score planner is a tool to help you learn how your estimated credit score is calculated by seeing how different events or changes to your credit report may impact your credit score. the score planner uses.</td>\r\n														</tr>\r\n														<!-- end of content --><!-- button -->\r\n														<tr>\r\n														</tr>\r\n														<!-- /button -->\r\n													</tbody>\r\n												</table>\r\n												</td>\r\n											</tr>\r\n											<!-- end of text content table --><!-- Spacing -->\r\n											<tr>\r\n												<td>&nbsp;</td>\r\n											</tr>\r\n											<!-- Spacing -->\r\n										</tbody>\r\n									</table>\r\n									<!-- end of left column --><!-- start of right column -->\r\n\r\n									<table align=\"right\" border=\"0\" cellpadding=\"0\" cellspacing=\"0\" class=\"devicewidth\" style=\"width:290px\">\r\n										<tbody><!-- Spacing -->\r\n											<tr>\r\n												<td>&nbsp;</td>\r\n											</tr>\r\n											<!-- Spacing -->\r\n											<tr>\r\n												<td><!-- start of text content table -->\r\n												<table align=\"center\" border=\"0\" cellpadding=\"0\" cellspacing=\"0\" class=\"devicewidthinner\" style=\"width:270px\">\r\n													<tbody><!-- image -->\r\n														<tr>\r\n															<td><img alt=\"\" class=\"colimg2\" src=\"http://demo.americacpn.com/uploads/email_templates/litmus_stamplia_templates/Tubor/img/col_2.png\" style=\"border:none; display:block; height:150px; outline:none; text-decoration:none; width:270px\" /></td>\r\n														</tr>\r\n														<!-- Spacing -->\r\n														<tr>\r\n															<td>&nbsp;</td>\r\n														</tr>\r\n														<!-- /Spacing --><!-- title -->\r\n														<tr>\r\n															<td style=\"text-align:left\">Send us any correspondence</td>\r\n														</tr>\r\n														<!-- end of title --><!-- Spacing -->\r\n														<tr>\r\n															<td>&nbsp;</td>\r\n														</tr>\r\n														<!-- Spacing --><!-- content -->\r\n														<tr>\r\n															<td style=\"text-align:left\">score planner is a tool to help you learn how your estimated credit score is calculated by seeing how different events or changes to your credit report may impact your credit score. the score planner uses the score planner is a tool to help you learn how your estimated credit score is calculated by seeing how different events or changes to your credit report may impact your credit score. the score planner uses.</td>\r\n														</tr>\r\n														<!-- end of content --><!-- button -->\r\n														<tr>\r\n														</tr>\r\n														<!-- /button -->\r\n													</tbody>\r\n												</table>\r\n												</td>\r\n											</tr>\r\n											<!-- end of text content table --><!-- Spacing -->\r\n											<tr>\r\n												<td>&nbsp;</td>\r\n											</tr>\r\n											<!-- Spacing -->\r\n										</tbody>\r\n									</table>\r\n									<!-- end of right column --></td>\r\n								</tr>\r\n							</tbody>\r\n						</table>\r\n						</td>\r\n					</tr>\r\n				</tbody>\r\n			</table>\r\n			</td>\r\n		</tr>\r\n	</tbody>\r\n</table>\r\n<!-- End of 2-columns --><!-- Start of 2-columns -->\r\n\r\n<table border=\"0\" cellpadding=\"0\" cellspacing=\"0\" id=\"backgroundTable\" style=\"width:100%\">\r\n	<tbody>\r\n		<tr>\r\n			<td>\r\n			<table align=\"center\" border=\"0\" cellpadding=\"0\" cellspacing=\"0\" class=\"devicewidth\" style=\"width:600px\">\r\n				<tbody>\r\n					<tr>\r\n						<td>\r\n						<table align=\"center\" border=\"0\" cellpadding=\"0\" cellspacing=\"0\" class=\"devicewidth\" style=\"width:600px\">\r\n							<tbody>\r\n								<tr>\r\n									<td>\r\n									<table align=\"left\" border=\"0\" cellpadding=\"0\" cellspacing=\"0\" class=\"devicewidth\" style=\"width:290px\">\r\n										<tbody><!-- Spacing -->\r\n											<tr>\r\n												<td>&nbsp;</td>\r\n											</tr>\r\n											<!-- Spacing -->\r\n											<tr>\r\n												<td><!-- start of text content table -->\r\n												<table align=\"center\" border=\"0\" cellpadding=\"0\" cellspacing=\"0\" class=\"devicewidthinner\" style=\"width:270px\">\r\n													<tbody><!-- image -->\r\n														<tr>\r\n															<td><img alt=\"\" class=\"colimg2\" src=\"http://demo.americacpn.com/uploads/email_templates/litmus_stamplia_templates/Tubor/img/col_3.png\" style=\"border:none; display:block; height:150px; outline:none; text-decoration:none; width:270px\" /></td>\r\n														</tr>\r\n														<!-- Spacing -->\r\n														<tr>\r\n															<td>&nbsp;</td>\r\n														</tr>\r\n														<!-- /Spacing --><!-- title -->\r\n														<tr>\r\n															<td style=\"text-align:left\">Customized credit repair plan</td>\r\n														</tr>\r\n														<!-- end of title --><!-- Spacing -->\r\n														<tr>\r\n															<td>&nbsp;</td>\r\n														</tr>\r\n														<!-- /Spacing --><!-- content -->\r\n														<tr>\r\n															<td style=\"text-align:left\">Score planner is a tool to help you learn how your estimated credit score is calculated by seeing how different events or changes to your credit report may impact your credit score. the score planner uses the score planner is a tool to help you learn how your estimated credit score is calculated by seeing how different events or changes to your credit report may impact your credit score. the score planner uses the</td>\r\n														</tr>\r\n														<!-- end of content --><!-- button -->\r\n														<tr>\r\n														</tr>\r\n														<!-- /button -->\r\n													</tbody>\r\n												</table>\r\n												</td>\r\n											</tr>\r\n											<!-- end of text content table --><!-- Spacing -->\r\n											<tr>\r\n												<td>&nbsp;</td>\r\n											</tr>\r\n											<!-- Spacing -->\r\n										</tbody>\r\n									</table>\r\n									<!-- end of left column --><!-- start of right column -->\r\n\r\n									<table align=\"right\" border=\"0\" cellpadding=\"0\" cellspacing=\"0\" class=\"devicewidth\" style=\"width:290px\">\r\n										<tbody><!-- Spacing -->\r\n											<tr>\r\n												<td>&nbsp;</td>\r\n											</tr>\r\n											<!-- Spacing -->\r\n											<tr>\r\n												<td><!-- start of text content table -->\r\n												<table align=\"center\" border=\"0\" cellpadding=\"0\" cellspacing=\"0\" class=\"devicewidthinner\" style=\"width:270px\">\r\n													<tbody><!-- image -->\r\n														<tr>\r\n															<td><img alt=\"\" class=\"colimg2\" src=\"http://demo.americacpn.com/uploads/email_templates/litmus_stamplia_templates/Tubor/img/col_4.png\" style=\"border:none; display:block; height:150px; outline:none; text-decoration:none; width:270px\" /></td>\r\n														</tr>\r\n														<!-- Spacing -->\r\n														<tr>\r\n															<td>&nbsp;</td>\r\n														</tr>\r\n														<!-- /Spacing --><!-- title -->\r\n														<tr>\r\n															<td style=\"text-align:left\">Free credit report evaluation</td>\r\n														</tr>\r\n														<!-- end of title --><!-- Spacing -->\r\n														<tr>\r\n															<td>&nbsp;</td>\r\n														</tr>\r\n														<!-- Spacing --><!-- content -->\r\n														<tr>\r\n															<td style=\"text-align:left\">Score planner is a tool to help you learn how your estimated credit score is calculated by seeing how different events or changes to your credit report may impact your credit score. the score planner uses the score planner is a tool to help you learn how your estimated credit score is calculated by seeing how different events or changes to your credit report may impact your credit score. the score planner uses the</td>\r\n														</tr>\r\n														<!-- end of content --><!-- button -->\r\n														<tr>\r\n														</tr>\r\n														<!-- /button -->\r\n													</tbody>\r\n												</table>\r\n												</td>\r\n											</tr>\r\n											<!-- end of text content table --><!-- Spacing -->\r\n											<tr>\r\n												<td>&nbsp;</td>\r\n											</tr>\r\n											<!-- Spacing -->\r\n										</tbody>\r\n									</table>\r\n									<!-- end of right column --></td>\r\n								</tr>\r\n							</tbody>\r\n						</table>\r\n						</td>\r\n					</tr>\r\n				</tbody>\r\n			</table>\r\n			</td>\r\n		</tr>\r\n	</tbody>\r\n</table>\r\n<!-- End of 2-columns --><!-- Start of postfooter -->\r\n\r\n<table border=\"0\" cellpadding=\"0\" cellspacing=\"0\" id=\"backgroundTable\" style=\"width:100%\">\r\n	<tbody>\r\n		<tr>\r\n			<td>\r\n			<table align=\"center\" border=\"0\" cellpadding=\"0\" cellspacing=\"0\" class=\"devicewidth\" style=\"width:600px\">\r\n				<tbody>\r\n					<tr>\r\n						<td>\r\n						<table align=\"center\" border=\"0\" cellpadding=\"0\" cellspacing=\"0\" class=\"devicewidth\" style=\"width:600px\">\r\n							<tbody><!-- Spacing -->\r\n								<tr>\r\n									<td>&nbsp;</td>\r\n								</tr>\r\n								<!-- Spacing -->\r\n								<tr>\r\n									<td>&copy; 2015 The Credit University. All Rights Reserved.</td>\r\n								</tr>\r\n								<!-- Spacing -->\r\n								<tr>\r\n									<td>&nbsp;</td>\r\n								</tr>\r\n								<!-- Spacing -->\r\n							</tbody>\r\n						</table>\r\n						</td>\r\n					</tr>\r\n				</tbody>\r\n			</table>\r\n			</td>\r\n		</tr>\r\n	</tbody>\r\n</table>\r\n<!-- End of postfooter -->', null, null, 'welcome_template', 'welcome', '1', '2015-11-27 09:30:50', '2015-11-25 17:26:06');
INSERT INTO `newsletter_template` VALUES ('4', 'Broker Welcome Tempalate', '', null, null, 'broker_welcome_template', 'welcome', '1', '2015-11-25 18:44:32', '2015-11-25 17:29:47');
INSERT INTO `newsletter_template` VALUES ('5', 'test newslett2', '', null, null, '', 'newsletter', '1', '', '2015-11-25 17:56:59');

-- ----------------------------
-- Table structure for `notes`
-- ----------------------------
DROP TABLE IF EXISTS `notes`;
CREATE TABLE `notes` (
  `id` int(11) NOT NULL AUTO_INCREMENT,
  `broker_id` int(11) NOT NULL,
  `user_id` int(11) DEFAULT NULL,
  `prospect_id` int(11) DEFAULT NULL,
  `note` mediumtext NOT NULL,
  `updated` timestamp NOT NULL DEFAULT CURRENT_TIMESTAMP,
  PRIMARY KEY (`id`),
  KEY `broker_id` (`broker_id`) USING BTREE,
  KEY `user_id` (`user_id`) USING BTREE,
  KEY `prospect_id` (`prospect_id`) USING BTREE,
  CONSTRAINT `notes_ibfk_1` FOREIGN KEY (`broker_id`) REFERENCES `user` (`id`),
  CONSTRAINT `notes_ibfk_2` FOREIGN KEY (`user_id`) REFERENCES `user` (`id`),
  CONSTRAINT `notes_ibfk_3` FOREIGN KEY (`prospect_id`) REFERENCES `prospect` (`id`)
) ENGINE=InnoDB DEFAULT CHARSET=latin1;

-- ----------------------------
-- Records of notes
-- ----------------------------

-- ----------------------------
-- Table structure for `payment_history`
-- ----------------------------
DROP TABLE IF EXISTS `payment_history`;
CREATE TABLE `payment_history` (
  `id` int(11) NOT NULL DEFAULT '0',
  `invoice_id` int(11) DEFAULT NULL,
  `user_id` int(11) DEFAULT NULL,
  `payment_type` int(11) DEFAULT NULL,
  `payment_type_id` int(11) DEFAULT NULL,
  `paid_amount` double DEFAULT NULL,
  `balance` double DEFAULT NULL,
  `paid_date` timestamp NULL DEFAULT NULL,
  PRIMARY KEY (`id`),
  KEY `user_id` (`user_id`) USING BTREE,
  KEY `invoice_id` (`invoice_id`) USING BTREE,
  CONSTRAINT `payment_history_ibfk_1` FOREIGN KEY (`user_id`) REFERENCES `user` (`id`),
  CONSTRAINT `payment_history_ibfk_2` FOREIGN KEY (`invoice_id`) REFERENCES `invoice` (`id`)
) ENGINE=InnoDB DEFAULT CHARSET=latin1;

-- ----------------------------
-- Records of payment_history
-- ----------------------------

-- ----------------------------
-- Table structure for `paypal`
-- ----------------------------
DROP TABLE IF EXISTS `paypal`;
CREATE TABLE `paypal` (
  `id` int(11) NOT NULL AUTO_INCREMENT,
  `user_id` int(11) DEFAULT NULL,
  `paypal_id` varchar(30) DEFAULT NULL,
  PRIMARY KEY (`id`),
  UNIQUE KEY `user_id` (`user_id`,`paypal_id`) USING BTREE,
  CONSTRAINT `paypal_ibfk_1` FOREIGN KEY (`user_id`) REFERENCES `user` (`id`)
) ENGINE=InnoDB DEFAULT CHARSET=latin1;

-- ----------------------------
-- Records of paypal
-- ----------------------------

-- ----------------------------
-- Table structure for `process`
-- ----------------------------
DROP TABLE IF EXISTS `process`;
CREATE TABLE `process` (
  `process_id` int(11) NOT NULL AUTO_INCREMENT,
  `process_title` varchar(200) NOT NULL,
  `process_caption` varchar(200) NOT NULL,
  `process_description` text NOT NULL,
  PRIMARY KEY (`process_id`)
) ENGINE=InnoDB AUTO_INCREMENT=6 DEFAULT CHARSET=latin1;

-- ----------------------------
-- Records of process
-- ----------------------------
INSERT INTO `process` VALUES ('1', 'free credit report evaluation', '', '<p><span>score planner is a tool to help you learn how your estimated credit score is calculated by seeing how different events or changes to your credit report may impact your credit score. the score planner uses the score planner is a tool to help you learn how your estimated credit score is calculated by seeing how different events or changes to your credit report may impact your credit score. the score planner uses the</span></p>');
INSERT INTO `process` VALUES ('3', 'customized credit repair plan', '', '<p><span>score planner is a tool to help you learn how your estimated credit score is calculated by seeing how different events or changes to your credit report may impact your credit score. the score planner uses the score planner is a tool to help you learn how your estimated credit score is calculated by seeing how different events or changes to your credit report may impact your credit score. the score planner uses the</span></p>');
INSERT INTO `process` VALUES ('4', 'send us any correspondence', '', '<p><span>score planner is a tool to help you learn how your estimated credit score is calculated by seeing how different events or changes to your credit report may impact your credit score. the score planner uses the score planner is a tool to help you learn how your estimated credit score is calculated by seeing how different events or changes to your credit report may impact your credit score. the score planner uses the</span></p>');
INSERT INTO `process` VALUES ('5', 'view your progress online', '', '<p><span>score planner is a tool to help you learn how your estimated credit score is calculated by seeing how different events or changes to your credit report may impact your credit score. the score planner uses the score planner is a tool to help you learn how your estimated credit score is calculated by seeing how different events or changes to your credit report may impact your credit score. the score planner uses the</span></p>');

-- ----------------------------
-- Table structure for `profile`
-- ----------------------------
DROP TABLE IF EXISTS `profile`;
CREATE TABLE `profile` (
  `user_id` int(11) NOT NULL DEFAULT '0',
  `ssn` varchar(500) DEFAULT NULL,
  `first_name` varchar(20) NOT NULL,
  `middle_initial` varchar(1) DEFAULT NULL,
  `last_name` varchar(20) NOT NULL,
  `gender` varchar(1) DEFAULT NULL,
  `dob` blob,
  `phone` varchar(20) DEFAULT NULL,
  `fax` varchar(20) DEFAULT NULL,
  `address_id` int(11) DEFAULT NULL,
  `cpn` varchar(500) DEFAULT NULL,
  `comment` varchar(100) DEFAULT NULL,
  `profile_image` varchar(50) DEFAULT NULL,
  `reset_code` varchar(6) DEFAULT NULL,
  `question_id_1` int(2) DEFAULT NULL,
  `answer_1` varchar(500) DEFAULT NULL,
  `question_id_2` int(2) DEFAULT NULL,
  `answer_2` varchar(500) DEFAULT NULL,
  PRIMARY KEY (`user_id`),
  UNIQUE KEY `ssn` (`ssn`) USING BTREE,
  UNIQUE KEY `cpn` (`cpn`) USING BTREE,
  KEY `profile_address_addressId` (`address_id`) USING BTREE,
  CONSTRAINT `profile_ibfk_1` FOREIGN KEY (`user_id`) REFERENCES `user` (`id`),
  CONSTRAINT `profile_ibfk_2` FOREIGN KEY (`address_id`) REFERENCES `address` (`id`)
) ENGINE=InnoDB DEFAULT CHARSET=latin1;

-- ----------------------------
-- Records of profile
-- ----------------------------
INSERT INTO `profile` VALUES ('1', null, 'Tej', null, 'Technology', 'M', 0xE6FBBA4F67B19235C9388FDEB7F2FAA6EEA19B6AD8CEDE31A1FE6E427CE8F6CF, null, null, '1', null, null, null, null, null, null, null, null);
INSERT INTO `profile` VALUES ('11', 'HVuX}', 'A', 'A', 'A', null, 0xA1F431AF435C356E8B184CCB152940B7, '(123)-123-123', '(123)-123-1231', '13', null, null, null, null, '1', 'A', '11', 'B');
INSERT INTO `profile` VALUES ('12', '\r\Z0se\'', 'a', null, 'a', null, 0xA1F431AF435C356E8B184CCB152940B7, null, null, '14', null, null, null, null, '1', null, null, null);
INSERT INTO `profile` VALUES ('13', 'o@\0', 'a', null, 'b', null, 0xA1F431AF435C356E8B184CCB152940B7, null, null, '15', null, null, null, null, null, null, null, null);
INSERT INTO `profile` VALUES ('15', '`|l!:', 'a', null, 'b', null, 0xA1F431AF435C356E8B184CCB152940B7, null, null, '17', null, null, null, null, null, null, null, null);
INSERT INTO `profile` VALUES ('19', 'IQ_H\Z:', 'a', 'a', 'a', null, 0xA1F431AF435C356E8B184CCB152940B7, '(123)-123-1231', '(123)-123-1231', '24', null, null, null, null, '1', 'a', '12', 'b');
INSERT INTO `profile` VALUES ('21', '&yI7=bGN', 'a', 'a', 'a', null, 0xA1F431AF435C356E8B184CCB152940B7, '(123)-123-1231', '(231)-231-2312', '26', null, null, null, null, '1', 'a', '11', 'b');
INSERT INTO `profile` VALUES ('22', '5o=ra', 'Manish', null, 'Awale', null, 0x9197165C6C420FECD161062672ED83CF, null, null, '29', null, null, null, null, '6', 'sdfsadfsdfa', '14', 'asdfasdfsadf');
INSERT INTO `profile` VALUES ('23', 'iHpy\"Y', 'Manish Two', null, 'Manish Two', null, 0x9197165C6C420FECD161062672ED83CF, null, null, '30', null, null, null, null, '5', 'sdfsdfsdf', '17', 'sadfsdfsdf');
INSERT INTO `profile` VALUES ('24', 'KgFL5-V!', 'Manish Three', null, 'Manish Three', null, 0x9197165C6C420FECD161062672ED83CF, null, null, '31', null, null, null, null, '5', 'dsfsdfsadf', '15', 'asdfsdafsdf');

-- ----------------------------
-- Table structure for `prospect`
-- ----------------------------
DROP TABLE IF EXISTS `prospect`;
CREATE TABLE `prospect` (
  `id` int(11) NOT NULL AUTO_INCREMENT,
  `broker_id` int(11) NOT NULL,
  `email` varchar(50) NOT NULL,
  `phone` varchar(20) NOT NULL,
  `first_name` varchar(50) NOT NULL,
  `last_name` varchar(50) NOT NULL,
  `role_id` int(11) NOT NULL,
  `sys_admin_id` int(11) DEFAULT NULL,
  `status` enum('1','0') DEFAULT '1',
  PRIMARY KEY (`id`),
  UNIQUE KEY `email` (`email`) USING BTREE,
  KEY `broker_id` (`broker_id`) USING BTREE,
  KEY `role_id` (`role_id`) USING BTREE,
  CONSTRAINT `prospect_ibfk_1` FOREIGN KEY (`broker_id`) REFERENCES `user` (`id`),
  CONSTRAINT `prospect_ibfk_2` FOREIGN KEY (`role_id`) REFERENCES `role` (`id`)
) ENGINE=InnoDB DEFAULT CHARSET=latin1;

-- ----------------------------
-- Records of prospect
-- ----------------------------

-- ----------------------------
-- Table structure for `question`
-- ----------------------------
DROP TABLE IF EXISTS `question`;
CREATE TABLE `question` (
  `id` int(10) NOT NULL AUTO_INCREMENT,
  `question` varchar(500) DEFAULT NULL,
  PRIMARY KEY (`id`)
) ENGINE=InnoDB AUTO_INCREMENT=21 DEFAULT CHARSET=latin1;

-- ----------------------------
-- Records of question
-- ----------------------------
INSERT INTO `question` VALUES ('1', 'What was your childhood nickname ?');
INSERT INTO `question` VALUES ('2', 'In what city did you meet your spouse/significant other ?');
INSERT INTO `question` VALUES ('3', 'What is the name of your favourite childhood friend ?');
INSERT INTO `question` VALUES ('4', 'What street did you live on in third grade ?');
INSERT INTO `question` VALUES ('5', 'What is your oldest siblings\'s birthday month and year ?');
INSERT INTO `question` VALUES ('6', 'What is the middle name of your oldest child ?');
INSERT INTO `question` VALUES ('7', 'What is your oldest siblings\'s middle name ?');
INSERT INTO `question` VALUES ('8', 'What school did you attend for sixth grade ?');
INSERT INTO `question` VALUES ('9', 'What was your childhood phone number including area code ?');
INSERT INTO `question` VALUES ('10', 'What is your oldest cousin\'s first and last name ?');
INSERT INTO `question` VALUES ('11', 'What was the name of your first stuffed animal ?');
INSERT INTO `question` VALUES ('12', 'In what city or town did your mother and father meet ?');
INSERT INTO `question` VALUES ('13', 'Where were you when you had first kiss ?');
INSERT INTO `question` VALUES ('14', 'What is the first name of the boy or girl that you first kissed ?');
INSERT INTO `question` VALUES ('15', 'What was the last name of your third grade teacher ?');
INSERT INTO `question` VALUES ('16', 'In what city does your nearest sibling live ?');
INSERT INTO `question` VALUES ('17', 'What is your oldest brother\'s birthday month and year ?');
INSERT INTO `question` VALUES ('18', 'What is your maternal grandmother\'s maiden name ?');
INSERT INTO `question` VALUES ('19', 'In what city or town was your first job ?');
INSERT INTO `question` VALUES ('20', 'What is the name of the place your wedding reception was held ?');

-- ----------------------------
-- Table structure for `recurring_profile`
-- ----------------------------
DROP TABLE IF EXISTS `recurring_profile`;
CREATE TABLE `recurring_profile` (
  `id` int(11) NOT NULL AUTO_INCREMENT,
  `user_id` int(11) DEFAULT NULL,
  `txn_id` varchar(50) DEFAULT NULL,
  `paypal_profile_id` varchar(50) DEFAULT NULL,
  `payment_date` timestamp NULL DEFAULT CURRENT_TIMESTAMP,
  `payment_due_date` timestamp NULL DEFAULT NULL,
  PRIMARY KEY (`id`)
) ENGINE=InnoDB DEFAULT CHARSET=latin1;

-- ----------------------------
-- Records of recurring_profile
-- ----------------------------

-- ----------------------------
-- Table structure for `referrer`
-- ----------------------------
DROP TABLE IF EXISTS `referrer`;
CREATE TABLE `referrer` (
  `referrer_id` int(11) NOT NULL,
  `referree_id` int(11) NOT NULL,
  `status` tinyint(1) DEFAULT NULL,
  PRIMARY KEY (`referrer_id`,`referree_id`),
  KEY `referrer_user_refereeId` (`referree_id`) USING BTREE,
  CONSTRAINT `referrer_ibfk_1` FOREIGN KEY (`referrer_id`) REFERENCES `user` (`id`),
  CONSTRAINT `referrer_ibfk_2` FOREIGN KEY (`referree_id`) REFERENCES `user` (`id`)
) ENGINE=InnoDB DEFAULT CHARSET=latin1;

-- ----------------------------
-- Records of referrer
-- ----------------------------

-- ----------------------------
-- Table structure for `role`
-- ----------------------------
DROP TABLE IF EXISTS `role`;
CREATE TABLE `role` (
  `id` int(11) NOT NULL AUTO_INCREMENT,
  `name` varchar(20) DEFAULT NULL,
  `label` varchar(20) DEFAULT NULL,
  `sequence` int(11) DEFAULT NULL,
  `public` tinyint(1) DEFAULT NULL,
  PRIMARY KEY (`id`),
  UNIQUE KEY `name` (`name`) USING BTREE
) ENGINE=InnoDB AUTO_INCREMENT=9 DEFAULT CHARSET=latin1;

-- ----------------------------
-- Records of role
-- ----------------------------
INSERT INTO `role` VALUES ('1', 'user', 'User', null, '0');
INSERT INTO `role` VALUES ('2', 'client', 'Client', null, '1');
INSERT INTO `role` VALUES ('3', 'owner', 'Owner', null, '1');
INSERT INTO `role` VALUES ('4', 'referrer', 'referrer', null, '1');
INSERT INTO `role` VALUES ('5', 'broker', 'Broker', null, '1');
INSERT INTO `role` VALUES ('6', 'super_broker', 'Super Broker', null, '0');
INSERT INTO `role` VALUES ('7', 'admin', 'Admin', null, '0');
INSERT INTO `role` VALUES ('8', 'super_admin', 'Super Admin', null, '0');

-- ----------------------------
-- Table structure for `role_auth`
-- ----------------------------
DROP TABLE IF EXISTS `role_auth`;
CREATE TABLE `role_auth` (
  `role_id` int(11) NOT NULL DEFAULT '0',
  `auth_id` int(11) NOT NULL DEFAULT '0',
  PRIMARY KEY (`role_id`,`auth_id`),
  KEY `roleAuth_auth_authId` (`auth_id`) USING BTREE,
  CONSTRAINT `role_auth_ibfk_1` FOREIGN KEY (`role_id`) REFERENCES `role` (`id`),
  CONSTRAINT `role_auth_ibfk_2` FOREIGN KEY (`auth_id`) REFERENCES `auth` (`id`)
) ENGINE=InnoDB DEFAULT CHARSET=latin1;

-- ----------------------------
-- Records of role_auth
-- ----------------------------

-- ----------------------------
-- Table structure for `social`
-- ----------------------------
DROP TABLE IF EXISTS `social`;
CREATE TABLE `social` (
  `id` int(11) NOT NULL AUTO_INCREMENT,
  `social_title` varchar(100) NOT NULL,
  `social_link` varchar(200) NOT NULL,
  `social_icon` varchar(200) NOT NULL,
  PRIMARY KEY (`id`)
) ENGINE=InnoDB DEFAULT CHARSET=latin1;

-- ----------------------------
-- Records of social
-- ----------------------------

-- ----------------------------
-- Table structure for `states`
-- ----------------------------
DROP TABLE IF EXISTS `states`;
CREATE TABLE `states` (
  `id` int(11) NOT NULL AUTO_INCREMENT,
  `state` varchar(200) NOT NULL,
  `state_code` char(2) NOT NULL,
  PRIMARY KEY (`id`)
) ENGINE=InnoDB AUTO_INCREMENT=52 DEFAULT CHARSET=latin1;

-- ----------------------------
-- Records of states
-- ----------------------------
INSERT INTO `states` VALUES ('1', 'Alaska', 'AK');
INSERT INTO `states` VALUES ('2', 'Alabama', 'AL');
INSERT INTO `states` VALUES ('3', 'Arkansas', 'AR');
INSERT INTO `states` VALUES ('4', 'Arizona', 'AZ');
INSERT INTO `states` VALUES ('5', 'California', 'CA');
INSERT INTO `states` VALUES ('6', 'Colorado', 'CO');
INSERT INTO `states` VALUES ('7', 'Connecticut', 'CT');
INSERT INTO `states` VALUES ('8', 'District of Columbia', 'DC');
INSERT INTO `states` VALUES ('9', 'Delaware', 'DE');
INSERT INTO `states` VALUES ('10', 'Florida', 'FL');
INSERT INTO `states` VALUES ('11', 'Georgia', 'GA');
INSERT INTO `states` VALUES ('12', 'Hawaii', 'HI');
INSERT INTO `states` VALUES ('13', 'Iowa', 'IA');
INSERT INTO `states` VALUES ('14', 'Idaho', 'ID');
INSERT INTO `states` VALUES ('15', 'Illinois', 'IL');
INSERT INTO `states` VALUES ('16', 'Indiana', 'IN');
INSERT INTO `states` VALUES ('17', 'Kansas', 'KS');
INSERT INTO `states` VALUES ('18', 'Kentucky', 'KY');
INSERT INTO `states` VALUES ('19', 'Louisiana', 'LA');
INSERT INTO `states` VALUES ('20', 'Massachusetts', 'MA');
INSERT INTO `states` VALUES ('21', 'Maryland', 'MD');
INSERT INTO `states` VALUES ('22', 'Maine', 'ME');
INSERT INTO `states` VALUES ('23', 'Michigan', 'MI');
INSERT INTO `states` VALUES ('24', 'Minnesota', 'MN');
INSERT INTO `states` VALUES ('25', 'Missouri', 'MO');
INSERT INTO `states` VALUES ('26', 'Mississippi', 'MS');
INSERT INTO `states` VALUES ('27', 'Montana', 'MT');
INSERT INTO `states` VALUES ('28', 'North Carolina', 'NC');
INSERT INTO `states` VALUES ('29', 'North Dakota', 'ND');
INSERT INTO `states` VALUES ('30', 'Nebraska', 'NE');
INSERT INTO `states` VALUES ('31', 'New Hampshire', 'NH');
INSERT INTO `states` VALUES ('32', 'New Jersey', 'NJ');
INSERT INTO `states` VALUES ('33', 'New Mexico', 'NM');
INSERT INTO `states` VALUES ('34', 'Nevada', 'NV');
INSERT INTO `states` VALUES ('35', 'New York', 'NY');
INSERT INTO `states` VALUES ('36', 'Ohio', 'OH');
INSERT INTO `states` VALUES ('37', 'Oklahoma', 'OK');
INSERT INTO `states` VALUES ('38', 'Oregon', 'OR');
INSERT INTO `states` VALUES ('39', 'Pennsylvania', 'PA');
INSERT INTO `states` VALUES ('40', 'Rhode Island', 'RI');
INSERT INTO `states` VALUES ('41', 'South Carolina', 'SC');
INSERT INTO `states` VALUES ('42', 'South Dakota', 'SD');
INSERT INTO `states` VALUES ('43', 'Tennessee', 'TN');
INSERT INTO `states` VALUES ('44', 'Texas', 'TX');
INSERT INTO `states` VALUES ('45', 'Utah', 'UT');
INSERT INTO `states` VALUES ('46', 'Virginia', 'VA');
INSERT INTO `states` VALUES ('47', 'Vermont', 'VT');
INSERT INTO `states` VALUES ('48', 'Washington', 'WA');
INSERT INTO `states` VALUES ('49', 'Wisconsin', 'WI');
INSERT INTO `states` VALUES ('50', 'West Virginia', 'WV');
INSERT INTO `states` VALUES ('51', 'Wyoming', 'WY');

-- ----------------------------
-- Table structure for `status`
-- ----------------------------
DROP TABLE IF EXISTS `status`;
CREATE TABLE `status` (
  `id` int(11) NOT NULL,
  `name` varchar(10) NOT NULL,
  `value` varchar(10) NOT NULL,
  PRIMARY KEY (`id`)
) ENGINE=InnoDB DEFAULT CHARSET=latin1;

-- ----------------------------
-- Records of status
-- ----------------------------
INSERT INTO `status` VALUES ('0', 'inactive', 'Inactive');
INSERT INTO `status` VALUES ('1', 'active', 'Active');

-- ----------------------------
-- Table structure for `subscribe`
-- ----------------------------
DROP TABLE IF EXISTS `subscribe`;
CREATE TABLE `subscribe` (
  `id` int(11) NOT NULL AUTO_INCREMENT,
  `subscriber` varchar(30) NOT NULL,
  `date` date NOT NULL,
  PRIMARY KEY (`id`)
) ENGINE=InnoDB DEFAULT CHARSET=latin1;

-- ----------------------------
-- Records of subscribe
-- ----------------------------

-- ----------------------------
-- Table structure for `sys_param`
-- ----------------------------
DROP TABLE IF EXISTS `sys_param`;
CREATE TABLE `sys_param` (
  `broker_id` varchar(50) NOT NULL,
  `param_name` varchar(100) DEFAULT NULL,
  `param_value` varchar(100) DEFAULT NULL
) ENGINE=InnoDB DEFAULT CHARSET=latin1;

-- ----------------------------
-- Records of sys_param
-- ----------------------------
INSERT INTO `sys_param` VALUES ('11  ', 'paypal', 'live');

-- ----------------------------
-- Table structure for `task`
-- ----------------------------
DROP TABLE IF EXISTS `task`;
CREATE TABLE `task` (
  `id` int(11) NOT NULL AUTO_INCREMENT,
  `user_id` int(11) DEFAULT NULL,
  `task_type` enum('task','event') DEFAULT 'task',
  `task_category` enum('client_registration','linePurchase','verify','goal') DEFAULT NULL,
  `task_title` varchar(200) DEFAULT NULL,
  `task_detail` text,
  `status` enum('complete','incomplete') DEFAULT 'incomplete',
  `completion` date DEFAULT NULL,
  `view` enum('read','unread') DEFAULT 'unread',
  `startDate` date DEFAULT NULL,
  `date_of_completion` date NOT NULL COMMENT 'The actual date the task is marked as complete',
  `bgColor` varchar(20) DEFAULT NULL,
  `bColor` varchar(20) DEFAULT NULL,
  PRIMARY KEY (`id`),
  KEY `userid` (`user_id`) USING BTREE,
  CONSTRAINT `task_ibfk_1` FOREIGN KEY (`user_id`) REFERENCES `user` (`id`)
) ENGINE=InnoDB DEFAULT CHARSET=latin1;

-- ----------------------------
-- Records of task
-- ----------------------------

-- ----------------------------
-- Table structure for `task_user`
-- ----------------------------
DROP TABLE IF EXISTS `task_user`;
CREATE TABLE `task_user` (
  `user_id` int(11) DEFAULT NULL,
  `task_id` int(11) DEFAULT NULL,
  `broker_id` int(11) DEFAULT NULL
) ENGINE=InnoDB DEFAULT CHARSET=latin1;

-- ----------------------------
-- Records of task_user
-- ----------------------------

-- ----------------------------
-- Table structure for `theme_option`
-- ----------------------------
DROP TABLE IF EXISTS `theme_option`;
CREATE TABLE `theme_option` (
  `id` bigint(11) NOT NULL,
  `title` varchar(100) NOT NULL,
  `caption` varchar(150) NOT NULL,
  `head_back_image` varchar(150) NOT NULL,
  `head_color` varchar(20) NOT NULL,
  `custom_css` text NOT NULL,
  `fav_icon` varchar(150) NOT NULL,
  `footer_color` varchar(20) NOT NULL,
  `footer_back_image` varchar(150) NOT NULL,
  `logo` varchar(150) NOT NULL,
  `created_by` int(11) NOT NULL,
  `feature_heading1` varchar(100) NOT NULL,
  `feature_heading2` varchar(100) NOT NULL,
  `feature_heading3` varchar(100) NOT NULL,
  `feature_tagline1` varchar(100) NOT NULL,
  `feature_tagline2` varchar(100) NOT NULL,
  `feature_tagline3` varchar(100) NOT NULL,
  `feature_desc1` text NOT NULL,
  `feature_desc2` text NOT NULL,
  `feature_desc3` text NOT NULL,
  `theme_video` text NOT NULL,
  PRIMARY KEY (`id`)
) ENGINE=InnoDB DEFAULT CHARSET=latin1;

-- ----------------------------
-- Records of theme_option
-- ----------------------------
INSERT INTO `theme_option` VALUES ('1', 'american cpn', '', '', 'fffff', '', '', 'c76b6b', '', 'dsfsdfsdfsdfs', '1', 'credit evaluation', 'set a goal', 'get results', 'analyze your credit report', 'devise a plan', 'now the easy part, increasing your score!', 'i want to improve my credit! what do i need to do? when you enlist the help of usa credit repair, you can be assured that as a professional credit management company, we will do our', 'next we set a goal for your credit repair. in most cases repairing credit can take up to 90 days (or more in some cases).', 'now that usa credit repair has done all the hard work, you get to sit back and enjoy the results! while you are relaxing, we will be hard at work with credit bureaus to help increase your', '<iframe width=\"420\" height=\"315\" src=\"//www.youtube.com/embed/4SsgjAwZ_ZE\" frameborder=\"0\" allowfullscreen></iframe>');

-- ----------------------------
-- Table structure for `transaction`
-- ----------------------------
DROP TABLE IF EXISTS `transaction`;
CREATE TABLE `transaction` (
  `payment_type` enum('paypal','cash','check','creditCard') NOT NULL,
  `transaction_id` int(11) NOT NULL AUTO_INCREMENT,
  `paypal_id` varchar(100) DEFAULT NULL,
  `paypal_transaction_id` varchar(100) DEFAULT NULL,
  `paypal_transaction_status` varchar(10) DEFAULT NULL,
  `paypal_transaction_amount` double DEFAULT NULL,
  `transaction_type` enum('client_purchase','owner_sell','broker_commission','registration',' PROFILE','broker_purchase') NOT NULL,
  `user_id` int(11) NOT NULL,
  `transaction_date` date NOT NULL,
  `due_date` date NOT NULL,
  `payment_date` date NOT NULL,
  `status` varchar(10) NOT NULL,
  `agent` enum('ipn','direct') DEFAULT NULL,
  `ipn_hit` int(11) DEFAULT NULL,
  PRIMARY KEY (`transaction_id`),
  UNIQUE KEY `paypal_transaction_id` (`paypal_transaction_id`) USING BTREE,
  KEY `user_id` (`user_id`) USING BTREE,
  CONSTRAINT `transaction_ibfk_1` FOREIGN KEY (`user_id`) REFERENCES `user` (`id`)
) ENGINE=InnoDB AUTO_INCREMENT=51 DEFAULT CHARSET=latin1;

-- ----------------------------
-- Records of transaction
-- ----------------------------
INSERT INTO `transaction` VALUES ('paypal', '1', null, null, null, null, 'registration', '2', '0000-00-00', '2015-11-19', '0000-00-00', 'Pending', null, null);
INSERT INTO `transaction` VALUES ('paypal', '3', null, null, null, null, 'registration', '4', '0000-00-00', '2015-11-19', '0000-00-00', 'Pending', null, null);
INSERT INTO `transaction` VALUES ('paypal', '4', null, null, null, null, 'registration', '5', '0000-00-00', '2015-11-19', '0000-00-00', 'Pending', null, null);
INSERT INTO `transaction` VALUES ('paypal', '5', null, null, null, null, 'registration', '6', '0000-00-00', '2015-11-19', '0000-00-00', 'Pending', null, null);
INSERT INTO `transaction` VALUES ('paypal', '6', null, null, null, null, 'registration', '7', '0000-00-00', '2015-11-19', '0000-00-00', 'Pending', null, null);
INSERT INTO `transaction` VALUES ('paypal', '7', null, null, null, null, 'registration', '8', '0000-00-00', '2015-11-19', '0000-00-00', 'Pending', null, null);
INSERT INTO `transaction` VALUES ('paypal', '8', null, null, null, null, 'registration', '9', '0000-00-00', '2015-11-19', '0000-00-00', 'Pending', null, null);
INSERT INTO `transaction` VALUES ('paypal', '9', null, null, null, null, 'registration', '10', '0000-00-00', '2015-11-19', '0000-00-00', 'Pending', null, null);
INSERT INTO `transaction` VALUES ('paypal', '10', null, null, null, null, 'registration', '11', '0000-00-00', '2015-11-22', '0000-00-00', 'Pending', null, null);
INSERT INTO `transaction` VALUES ('paypal', '11', null, null, null, null, 'registration', '19', '0000-00-00', '2015-11-24', '0000-00-00', 'Pending', null, null);
INSERT INTO `transaction` VALUES ('', '12', null, null, null, null, 'registration', '21', '0000-00-00', '2015-11-24', '0000-00-00', 'Pending', null, null);
INSERT INTO `transaction` VALUES ('', '13', null, null, null, null, 'registration', '21', '0000-00-00', '2015-11-24', '0000-00-00', 'Pending', null, null);
INSERT INTO `transaction` VALUES ('', '14', null, null, null, null, 'registration', '21', '0000-00-00', '2015-11-24', '0000-00-00', 'Pending', null, null);
INSERT INTO `transaction` VALUES ('', '15', null, null, null, null, 'registration', '21', '0000-00-00', '2015-11-24', '0000-00-00', 'Pending', null, null);
INSERT INTO `transaction` VALUES ('', '16', null, null, null, null, 'registration', '21', '0000-00-00', '2015-11-24', '0000-00-00', 'Pending', null, null);
INSERT INTO `transaction` VALUES ('', '17', null, null, null, null, 'registration', '21', '0000-00-00', '2015-11-24', '0000-00-00', 'Pending', null, null);
INSERT INTO `transaction` VALUES ('', '18', null, null, null, null, 'registration', '21', '0000-00-00', '2015-11-24', '0000-00-00', 'Pending', null, null);
INSERT INTO `transaction` VALUES ('', '19', null, null, null, null, 'registration', '21', '0000-00-00', '2015-11-24', '0000-00-00', 'Pending', null, null);
INSERT INTO `transaction` VALUES ('', '20', null, null, null, null, 'registration', '21', '0000-00-00', '2015-11-24', '0000-00-00', 'Pending', null, null);
INSERT INTO `transaction` VALUES ('', '21', null, null, null, null, 'registration', '21', '0000-00-00', '2015-11-24', '0000-00-00', 'Pending', null, null);
INSERT INTO `transaction` VALUES ('', '22', null, null, null, null, 'registration', '21', '0000-00-00', '2015-11-24', '0000-00-00', 'Pending', null, null);
INSERT INTO `transaction` VALUES ('', '23', null, null, null, null, 'registration', '21', '0000-00-00', '2015-11-24', '0000-00-00', 'Pending', null, null);
INSERT INTO `transaction` VALUES ('', '24', null, null, null, null, 'registration', '21', '0000-00-00', '2015-11-24', '0000-00-00', 'Pending', null, null);
INSERT INTO `transaction` VALUES ('', '25', null, null, null, null, 'registration', '21', '0000-00-00', '2015-11-24', '0000-00-00', 'Pending', null, null);
INSERT INTO `transaction` VALUES ('', '26', null, null, null, null, 'registration', '21', '0000-00-00', '2015-11-24', '0000-00-00', 'Pending', null, null);
INSERT INTO `transaction` VALUES ('', '27', null, null, null, null, 'registration', '21', '0000-00-00', '2015-11-24', '0000-00-00', 'Pending', null, null);
INSERT INTO `transaction` VALUES ('', '28', null, null, null, null, 'registration', '21', '0000-00-00', '2015-11-24', '0000-00-00', 'Pending', null, null);
INSERT INTO `transaction` VALUES ('', '29', null, null, null, null, 'registration', '21', '0000-00-00', '2015-11-24', '0000-00-00', 'Pending', null, null);
INSERT INTO `transaction` VALUES ('', '30', null, null, null, null, 'registration', '21', '0000-00-00', '2015-11-25', '0000-00-00', 'Pending', null, null);
INSERT INTO `transaction` VALUES ('', '31', null, null, null, null, 'registration', '21', '0000-00-00', '2015-11-25', '0000-00-00', 'Pending', null, null);
INSERT INTO `transaction` VALUES ('', '32', null, null, null, null, 'registration', '21', '0000-00-00', '2015-11-25', '0000-00-00', 'Pending', null, null);
INSERT INTO `transaction` VALUES ('', '33', null, null, null, null, 'registration', '21', '0000-00-00', '2015-11-25', '0000-00-00', 'Pending', null, null);
INSERT INTO `transaction` VALUES ('', '34', null, null, null, null, 'registration', '21', '0000-00-00', '2015-11-25', '0000-00-00', 'Pending', null, null);
INSERT INTO `transaction` VALUES ('', '35', null, null, null, null, 'registration', '21', '0000-00-00', '2015-11-25', '0000-00-00', 'Pending', null, null);
INSERT INTO `transaction` VALUES ('', '36', null, null, null, null, 'registration', '22', '0000-00-00', '2015-11-26', '0000-00-00', 'Pending', null, null);
INSERT INTO `transaction` VALUES ('', '37', null, null, null, null, 'registration', '23', '0000-00-00', '2015-11-26', '0000-00-00', 'Pending', null, null);
INSERT INTO `transaction` VALUES ('', '38', null, null, null, null, 'registration', '24', '0000-00-00', '2015-11-26', '0000-00-00', 'Pending', null, null);
INSERT INTO `transaction` VALUES ('', '39', null, null, null, null, 'registration', '22', '0000-00-00', '2015-11-27', '0000-00-00', 'Pending', null, null);
INSERT INTO `transaction` VALUES ('', '40', null, null, null, null, 'registration', '23', '0000-00-00', '2015-11-27', '0000-00-00', 'Pending', null, null);
INSERT INTO `transaction` VALUES ('', '41', null, null, null, null, 'registration', '22', '0000-00-00', '2015-11-27', '0000-00-00', 'Pending', null, null);
INSERT INTO `transaction` VALUES ('', '42', null, null, null, null, 'registration', '24', '0000-00-00', '2015-11-27', '0000-00-00', 'Pending', null, null);
INSERT INTO `transaction` VALUES ('', '43', null, null, null, null, 'registration', '22', '0000-00-00', '2015-11-27', '0000-00-00', 'Pending', null, null);
INSERT INTO `transaction` VALUES ('', '44', null, null, null, null, 'registration', '22', '0000-00-00', '2015-11-27', '0000-00-00', 'Pending', null, null);
INSERT INTO `transaction` VALUES ('', '45', null, null, null, null, 'registration', '22', '0000-00-00', '2015-11-27', '0000-00-00', 'Pending', null, null);
INSERT INTO `transaction` VALUES ('', '46', null, null, null, null, 'registration', '22', '0000-00-00', '2015-11-27', '0000-00-00', 'Pending', null, null);
INSERT INTO `transaction` VALUES ('', '47', null, null, null, null, 'registration', '22', '0000-00-00', '2015-11-27', '0000-00-00', 'Pending', null, null);
INSERT INTO `transaction` VALUES ('', '48', null, null, null, null, 'registration', '22', '0000-00-00', '2015-11-27', '0000-00-00', 'Pending', null, null);
INSERT INTO `transaction` VALUES ('', '49', null, null, null, null, 'registration', '22', '0000-00-00', '2015-11-27', '0000-00-00', 'Pending', null, null);
INSERT INTO `transaction` VALUES ('', '50', null, null, null, null, 'registration', '22', '0000-00-00', '2015-11-27', '0000-00-00', 'Pending', null, null);

-- ----------------------------
-- Table structure for `transaction_details`
-- ----------------------------
DROP TABLE IF EXISTS `transaction_details`;
CREATE TABLE `transaction_details` (
  `transaction_id` int(11) NOT NULL,
  `item` varchar(100) NOT NULL,
  `description` varchar(100) DEFAULT NULL,
  `price` double NOT NULL,
  `discount_amount` double DEFAULT NULL,
  `discount_percentage` double DEFAULT NULL,
  KEY `transaction_id` (`transaction_id`) USING BTREE,
  CONSTRAINT `transaction_details_ibfk_1` FOREIGN KEY (`transaction_id`) REFERENCES `transaction` (`transaction_id`)
) ENGINE=InnoDB DEFAULT CHARSET=latin1;

-- ----------------------------
-- Records of transaction_details
-- ----------------------------
INSERT INTO `transaction_details` VALUES ('1', '1', null, '0', null, null);
INSERT INTO `transaction_details` VALUES ('3', '1', null, '0', null, null);
INSERT INTO `transaction_details` VALUES ('4', '1', null, '0', null, null);
INSERT INTO `transaction_details` VALUES ('5', '1', null, '0', null, null);
INSERT INTO `transaction_details` VALUES ('6', '1', null, '0', null, null);
INSERT INTO `transaction_details` VALUES ('7', '1', null, '0', null, null);
INSERT INTO `transaction_details` VALUES ('8', '1', null, '0', null, null);
INSERT INTO `transaction_details` VALUES ('9', '1', null, '0', null, null);
INSERT INTO `transaction_details` VALUES ('10', '1', null, '0', null, null);
INSERT INTO `transaction_details` VALUES ('11', '1', null, '0', null, null);
INSERT INTO `transaction_details` VALUES ('12', '1', null, '0', null, null);
INSERT INTO `transaction_details` VALUES ('13', '1', null, '0', null, null);
INSERT INTO `transaction_details` VALUES ('14', '1', null, '0', null, null);
INSERT INTO `transaction_details` VALUES ('15', '1', null, '0', null, null);
INSERT INTO `transaction_details` VALUES ('16', '1', null, '0', null, null);
INSERT INTO `transaction_details` VALUES ('17', '1', null, '0', null, null);
INSERT INTO `transaction_details` VALUES ('18', '1', null, '0', null, null);
INSERT INTO `transaction_details` VALUES ('19', '1', null, '0', null, null);
INSERT INTO `transaction_details` VALUES ('20', '1', null, '0', null, null);
INSERT INTO `transaction_details` VALUES ('21', '1', null, '0', null, null);
INSERT INTO `transaction_details` VALUES ('22', '1', null, '0', null, null);
INSERT INTO `transaction_details` VALUES ('23', '1', null, '0', null, null);
INSERT INTO `transaction_details` VALUES ('24', '1', null, '0', null, null);
INSERT INTO `transaction_details` VALUES ('25', '1', null, '0', null, null);
INSERT INTO `transaction_details` VALUES ('26', '1', null, '0', null, null);
INSERT INTO `transaction_details` VALUES ('27', '1', null, '0', null, null);
INSERT INTO `transaction_details` VALUES ('28', '1', null, '0', null, null);
INSERT INTO `transaction_details` VALUES ('29', '1', null, '0', null, null);
INSERT INTO `transaction_details` VALUES ('30', '1', null, '0', null, null);
INSERT INTO `transaction_details` VALUES ('31', '1', null, '0', null, null);
INSERT INTO `transaction_details` VALUES ('32', '1', null, '0', null, null);
INSERT INTO `transaction_details` VALUES ('33', '1', null, '0', null, null);
INSERT INTO `transaction_details` VALUES ('34', '1', null, '0', null, null);
INSERT INTO `transaction_details` VALUES ('35', '1', null, '0', null, null);
INSERT INTO `transaction_details` VALUES ('36', '1', null, '0', null, null);
INSERT INTO `transaction_details` VALUES ('37', '1', null, '0', null, null);
INSERT INTO `transaction_details` VALUES ('38', '1', null, '0', null, null);
INSERT INTO `transaction_details` VALUES ('39', '1', null, '0', null, null);
INSERT INTO `transaction_details` VALUES ('40', '1', null, '0', null, null);
INSERT INTO `transaction_details` VALUES ('41', '1', null, '0', null, null);
INSERT INTO `transaction_details` VALUES ('42', '1', null, '0', null, null);
INSERT INTO `transaction_details` VALUES ('43', '1', null, '0', null, null);
INSERT INTO `transaction_details` VALUES ('44', '1', null, '0', null, null);
INSERT INTO `transaction_details` VALUES ('45', '1', null, '0', null, null);
INSERT INTO `transaction_details` VALUES ('46', '1', null, '0', null, null);
INSERT INTO `transaction_details` VALUES ('47', '1', null, '0', null, null);
INSERT INTO `transaction_details` VALUES ('48', '1', null, '0', null, null);
INSERT INTO `transaction_details` VALUES ('49', '1', null, '0', null, null);
INSERT INTO `transaction_details` VALUES ('50', '1', null, '0', null, null);

-- ----------------------------
-- Table structure for `user`
-- ----------------------------
DROP TABLE IF EXISTS `user`;
CREATE TABLE `user` (
  `id` int(11) NOT NULL AUTO_INCREMENT,
  `email` varchar(50) DEFAULT NULL,
  `password` varchar(500) NOT NULL,
  `status` tinyint(1) DEFAULT NULL,
  `last_login_date` timestamp NULL DEFAULT NULL,
  `created_date` timestamp NULL DEFAULT CURRENT_TIMESTAMP,
  PRIMARY KEY (`id`),
  UNIQUE KEY `email` (`email`) USING BTREE
) ENGINE=InnoDB AUTO_INCREMENT=25 DEFAULT CHARSET=latin1;

-- ----------------------------
-- Records of user
-- ----------------------------
INSERT INTO `user` VALUES ('1', 'tubelightsaga@gmail.com', ';5v@#^	h*/v`2', '1', '2015-12-15 00:00:00', '2015-11-19 03:27:32');
INSERT INTO `user` VALUES ('2', 'tejteam+blueclient@gmail.com', 'F_R\'o&MZL~	v`2', '1', '2015-11-19 03:36:39', '2015-11-19 03:36:39');
INSERT INTO `user` VALUES ('4', 'tejteam+platinumclient@gmail.com', 'F_R\'o&MZL~	v`2', '1', '2015-11-19 03:36:40', '2015-11-19 03:36:40');
INSERT INTO `user` VALUES ('5', 'tejteam+bluebroker@gmail.com', 'F_R\'o&MZL~	v`2', '1', '2015-11-19 03:36:40', '2015-11-19 03:36:40');
INSERT INTO `user` VALUES ('6', 'tejteam+redbroker@gmail.com', 'F_R\'o&MZL~	v`2', '1', '2015-11-19 03:36:41', '2015-11-19 03:36:41');
INSERT INTO `user` VALUES ('7', 'tejteam+platinumbroker@gmail.com', 'F_R\'o&MZL~	v`2', '1', '2015-11-19 03:36:41', '2015-11-19 03:36:41');
INSERT INTO `user` VALUES ('8', 'tejteam+blueowner@gmail.com', 'F_R\'o&MZL~	v`2', '1', '2015-11-19 03:36:42', '2015-11-19 03:36:42');
INSERT INTO `user` VALUES ('9', 'tejteam+redowner@gmail.com', 'F_R\'o&MZL~	v`2', '1', '2015-11-19 03:36:42', '2015-11-19 03:36:42');
INSERT INTO `user` VALUES ('10', 'tejteam+platinumowner@gmail.com', 'F_R\'o&MZL~	v`2', '1', '2015-11-19 03:36:42', '2015-11-19 03:36:42');
INSERT INTO `user` VALUES ('11', 'test11@gmail.com', 'uE=AM[$723v`2', '1', null, '2015-11-22 10:37:37');
INSERT INTO `user` VALUES ('12', null, ' |f3\n6\rF}52\nv`2', null, null, '2015-11-22 11:05:49');
INSERT INTO `user` VALUES ('13', null, ' |f3\n6\rF}52\nv`2', null, null, '2015-11-22 22:29:20');
INSERT INTO `user` VALUES ('15', null, ' |f3\n6\rF}52\nv`2', null, null, '2015-11-22 22:32:24');
INSERT INTO `user` VALUES ('19', 'test1@gmail.com', 'Nq/\nX\"\"{W{TIv`2', '1', null, '2015-11-24 09:27:07');
INSERT INTO `user` VALUES ('21', 'suraz37@gmail.com', 'uE=AM[$723v`2', '1', null, '2015-11-24 10:18:56');
INSERT INTO `user` VALUES ('22', 'manis6062@gmail.com', 'Rkin[fE,`_i$\08VIqv`2', '1', null, '2015-11-26 16:47:36');
INSERT INTO `user` VALUES ('23', 'manis6062+369@gmail.com', 'Rkin[fE,`_i$\08VIqv`2', '1', null, '2015-11-26 16:56:53');
INSERT INTO `user` VALUES ('24', 'manis6062+111@gmail.com', 'Rkin[fE,`_i$\08VIqv`2', '1', null, '2015-11-26 17:02:52');

-- ----------------------------
-- Table structure for `user_preferences`
-- ----------------------------
DROP TABLE IF EXISTS `user_preferences`;
CREATE TABLE `user_preferences` (
  `user_id` int(11) DEFAULT NULL,
  `param` varchar(20) DEFAULT NULL,
  `value` varchar(20) DEFAULT NULL
) ENGINE=InnoDB DEFAULT CHARSET=latin1;

-- ----------------------------
-- Records of user_preferences
-- ----------------------------

-- ----------------------------
-- Table structure for `user_role`
-- ----------------------------
DROP TABLE IF EXISTS `user_role`;
CREATE TABLE `user_role` (
  `user_id` int(11) NOT NULL DEFAULT '0',
  `role_id` int(11) NOT NULL DEFAULT '0',
  `status` tinyint(1) NOT NULL DEFAULT '1',
  PRIMARY KEY (`user_id`,`role_id`),
  KEY `userRole_role_roleId` (`role_id`) USING BTREE,
  CONSTRAINT `user_role_ibfk_1` FOREIGN KEY (`user_id`) REFERENCES `user` (`id`),
  CONSTRAINT `user_role_ibfk_2` FOREIGN KEY (`role_id`) REFERENCES `role` (`id`)
) ENGINE=InnoDB DEFAULT CHARSET=latin1;

-- ----------------------------
-- Records of user_role
-- ----------------------------
INSERT INTO `user_role` VALUES ('1', '5', '1');
INSERT INTO `user_role` VALUES ('1', '7', '1');
INSERT INTO `user_role` VALUES ('2', '2', '1');
INSERT INTO `user_role` VALUES ('4', '2', '1');
INSERT INTO `user_role` VALUES ('5', '5', '1');
INSERT INTO `user_role` VALUES ('6', '5', '1');
INSERT INTO `user_role` VALUES ('7', '5', '1');
INSERT INTO `user_role` VALUES ('8', '3', '1');
INSERT INTO `user_role` VALUES ('9', '3', '1');
INSERT INTO `user_role` VALUES ('10', '3', '1');
INSERT INTO `user_role` VALUES ('11', '2', '1');
INSERT INTO `user_role` VALUES ('12', '2', '1');
INSERT INTO `user_role` VALUES ('13', '2', '1');
INSERT INTO `user_role` VALUES ('15', '2', '1');
INSERT INTO `user_role` VALUES ('19', '2', '1');
INSERT INTO `user_role` VALUES ('21', '2', '1');
INSERT INTO `user_role` VALUES ('22', '2', '1');
INSERT INTO `user_role` VALUES ('23', '2', '1');
INSERT INTO `user_role` VALUES ('24', '2', '1');
DROP TRIGGER IF EXISTS `line_insert_trigger`;
DELIMITER ;;
CREATE TRIGGER `line_insert_trigger` BEFORE INSERT ON `line` FOR EACH ROW BEGIN
    IF NEW.broker_price IS NULL
    THEN
      SET NEW.broker_price = NEW.price +
                             (NEW.price *
                              (SELECT CASE count(bu.owner_commission)
                                      WHEN 0
                                        THEN bu.owner_commission
                                      ELSE (SELECT bu.owner_commission
                                            FROM business bu JOIN broker b ON b.broker_id = bu.user_id
                                            WHERE b.client_id = NEW.user_id OR b.broker_id = NEW.user_id) END
                               FROM business bu JOIN broker b ON b.broker_id = bu.user_id
                               WHERE b.client_id = NEW.user_id)) / 100;
    END IF;
  END
;;
DELIMITER ;
DROP TRIGGER IF EXISTS `line_update_trigger`;
DELIMITER ;;
CREATE TRIGGER `line_update_trigger` BEFORE UPDATE ON `line` FOR EACH ROW BEGIN
    SET NEW.broker_price = NEW.price + (NEW.price * (SELECT business.owner_commission
                                                     FROM
                                                       line
                                                       LEFT JOIN broker ON line.user_id = broker.client_id
                                                       LEFT JOIN business ON broker.broker_id = business.user_id
                                                     WHERE
                                                       line.id = NEW.id)) / 100;
  END
;;
DELIMITER ;
DROP TRIGGER IF EXISTS `membership_insert`;
DELIMITER ;;
CREATE TRIGGER `membership_insert` BEFORE INSERT ON `membership` FOR EACH ROW BEGIN
  SET NEW.end_date = NOW() + INTERVAL 1 MONTH;
END
;;
DELIMITER ;
DROP TRIGGER IF EXISTS `profile_insert_trigger`;
DELIMITER ;;
CREATE TRIGGER `profile_insert_trigger` BEFORE INSERT ON `profile` FOR EACH ROW BEGIN
    IF EXISTS(SELECT NEW.cpn)
    THEN
      SET NEW.cpn = AES_ENCRYPT(NEW.cpn, 'uiyiouoi^&*^&*23');
    END IF;

    IF EXISTS(SELECT NEW.dob)
    THEN
      SET NEW.dob = AES_ENCRYPT(NEW.dob, 'asdf@#$%@#$%23452345');
    END IF;

    IF EXISTS(SELECT NEW.ssn)
    THEN
      SET NEW.ssn = AES_ENCRYPT(NEW.ssn, ';lk;@!#$!@#$!@#$234');
    END IF;
  END
;;
DELIMITER ;
DROP TRIGGER IF EXISTS `profile_update_trigger`;
DELIMITER ;;
CREATE TRIGGER `profile_update_trigger` BEFORE UPDATE ON `profile` FOR EACH ROW BEGIN
    IF NEW.cpn <> OLD.cpn
       OR OLD.cpn IS NULL
    THEN
      SET NEW.cpn = AES_ENCRYPT(NEW.cpn, 'uiyiouoi^&*^&*23');
    END IF;

    IF NEW.dob <> OLD.dob
       OR OLD.dob IS NULL
    THEN
      SET NEW.dob = AES_ENCRYPT(NEW.dob, 'asdf@#$%@#$%23452345');
    END IF;

    IF NEW.ssn <> OLD.ssn
       OR OLD.ssn IS NULL
    THEN
      SET NEW.ssn = AES_ENCRYPT(NEW.ssn, ';lk;@!#$!@#$!@#$234');
    END IF;
  END
;;
DELIMITER ;
DROP TRIGGER IF EXISTS `user_insert_trigger`;
DELIMITER ;;
CREATE TRIGGER `user_insert_trigger` BEFORE INSERT ON `user` FOR EACH ROW BEGIN
    IF EXISTS(SELECT NEW.password)
    THEN
      SET NEW.password = AES_ENCRYPT(NEW.password, 'LUKU%^*^&*^*&34');
    END IF;
  END
;;
DELIMITER ;
DROP TRIGGER IF EXISTS `user_update_trigger`;
DELIMITER ;;
CREATE TRIGGER `user_update_trigger` BEFORE UPDATE ON `user` FOR EACH ROW BEGIN
    IF NEW.password <> OLD.password
    THEN
      SET NEW.password = AES_ENCRYPT(NEW.password, 'LUKU%^*^&*^*&34');
    END IF;
  END
;;
DELIMITER ;
